name,properties,tileEntity,tileEntityId,blockLight
minecraft:acacia_button,"facing:e[north;south;west;east],powered:b,face:e[floor;wall;ceiling]",false,,0
minecraft:acacia_door,"open:b,hinge:e[left;right],facing:e[north;south;west;east],half:e[upper;lower],powered:b",false,,0
minecraft:acacia_fence,"west:b,east:b,south:b,north:b,waterlogged:b",false,,0
minecraft:acacia_fence_gate,"in_wall:b,open:b,facing:e[north;south;west;east],powered:b",false,,0
minecraft:acacia_hanging_sign,"rotation:i[0-15],waterlogged:b,attached:b",true,minecraft:hanging_sign,0
minecraft:acacia_leaves,"distance:i[1-7],persistent:b,waterlogged:b",false,,0
minecraft:acacia_log,"axis:e[x;y;z]",false,,0
minecraft:acacia_planks,,false,,0
minecraft:acacia_pressure_plate,"powered:b",false,,0
minecraft:acacia_sapling,"stage:i[0-1]",false,,0
minecraft:acacia_sign,"rotation:i[0-15],waterlogged:b",true,minecraft:sign,0
minecraft:acacia_slab,"type:e[top;bottom;double],waterlogged:b",false,,0
minecraft:acacia_stairs,"facing:e[north;south;west;east],half:e[top;bottom],waterlogged:b,shape:e[straight;inner_left;inner_right;outer_left;outer_right]",false,,0
minecraft:acacia_trapdoor,"open:b,facing:e[north;south;west;east],powered:b,half:e[top;bottom],waterlogged:b",false,,0
minecraft:acacia_wall_hanging_sign,"facing:e[north;south;west;east],waterlogged:b",true,minecraft:hanging_sign,0
minecraft:acacia_wall_sign,"facing:e[north;south;west;east],waterlogged:b",true,minecraft:sign,0
minecraft:acacia_wood,"axis:e[x;y;z]",false,,0
minecraft:activator_rail,"powered:b,shape:e[north_south;east_west;ascending_east;ascending_west;ascending_north;ascending_south],waterlogged:b",false,,0
minecraft:air,,false,,0
minecraft:allium,,false,,0
minecraft:amethyst_block,,false,,0
minecraft:amethyst_cluster,"facing:e[north;east;south;west;up;down],waterlogged:b",false,,5
minecraft:ancient_debris,,false,,0
minecraft:andesite,,false,,0
minecraft:andesite_slab,"type:e[top;bottom;double],waterlogged:b",false,,0
minecraft:andesite_stairs,"facing:e[north;south;west;east],half:e[top;bottom],waterlogged:b,shape:e[straight;inner_left;inner_right;outer_left;outer_right]",false,,0
minecraft:andesite_wall,"south:e[none;low;tall],up:b,north:e[none;low;tall],west:e[none;low;tall],east:e[none;low;tall],waterlogged:b",false,,0
minecraft:anvil,"facing:e[north;south;west;east]",false,,0
minecraft:attached_melon_stem,"facing:e[north;south;west;east]",false,,0
minecraft:attached_pumpkin_stem,"facing:e[north;south;west;east]",false,,0
minecraft:azalea,,false,,0
minecraft:azalea_leaves,"distance:i[1-7],persistent:b,waterlogged:b",false,,0
minecraft:azure_bluet,,false,,0
minecraft:bamboo,"leaves:e[none;small;large],age:i[0-1],stage:i[0-1]",false,,0
minecraft:bamboo_block,"axis:e[x;y;z]",false,,0
minecraft:bamboo_button,"facing:e[north;south;west;east],powered:b,face:e[floor;wall;ceiling]",false,,0
minecraft:bamboo_door,"open:b,hinge:e[left;right],facing:e[north;south;west;east],half:e[upper;lower],powered:b",false,,0
minecraft:bamboo_fence,"west:b,east:b,south:b,north:b,waterlogged:b",false,,0
minecraft:bamboo_fence_gate,"in_wall:b,open:b,facing:e[north;south;west;east],powered:b",false,,0
minecraft:bamboo_hanging_sign,"rotation:i[0-15],waterlogged:b,attached:b",true,minecraft:hanging_sign,0
minecraft:bamboo_mosaic,,false,,0
minecraft:bamboo_mosaic_slab,"type:e[top;bottom;double],waterlogged:b",false,,0
minecraft:bamboo_mosaic_stairs,"facing:e[north;south;west;east],half:e[top;bottom],waterlogged:b,shape:e[straight;inner_left;inner_right;outer_left;outer_right]",false,,0
minecraft:bamboo_planks,,false,,0
minecraft:bamboo_pressure_plate,"powered:b",false,,0
minecraft:bamboo_sapling,,false,,0
minecraft:bamboo_sign,"rotation:i[0-15],waterlogged:b",true,minecraft:sign,0
minecraft:bamboo_slab,"type:e[top;bottom;double],waterlogged:b",false,,0
minecraft:bamboo_stairs,"facing:e[north;south;west;east],half:e[top;bottom],waterlogged:b,shape:e[straight;inner_left;inner_right;outer_left;outer_right]",false,,0
minecraft:bamboo_trapdoor,"open:b,facing:e[north;south;west;east],powered:b,half:e[top;bottom],waterlogged:b",false,,0
minecraft:bamboo_wall_hanging_sign,"facing:e[north;south;west;east],waterlogged:b",true,minecraft:hanging_sign,0
minecraft:bamboo_wall_sign,"facing:e[north;south;west;east],waterlogged:b",true,minecraft:sign,0
minecraft:barrel,"open:b,facing:e[north;east;south;west;up;down]",true,minecraft:barrel,0
minecraft:barrier,,false,,0
minecraft:basalt,"axis:e[x;y;z]",false,,0
minecraft:beacon,,true,minecraft:beacon,15
minecraft:bedrock,,false,,0
minecraft:bee_nest,"honey_level:i[0-5],facing:e[north;south;west;east]",true,minecraft:beehive,0
minecraft:beehive,"honey_level:i[0-5],facing:e[north;south;west;east]",true,minecraft:beehive,0
minecraft:beetroots,"age:i[0-3]",false,,0
minecraft:bell,"facing:e[north;south;west;east],powered:b,attachment:e[floor;ceiling;single_wall;double_wall]",true,minecraft:bell,0
minecraft:big_dripleaf,"facing:e[north;south;west;east],waterlogged:b,tilt:e[none;unstable;partial;full]",false,,0
minecraft:big_dripleaf_stem,"facing:e[north;south;west;east],waterlogged:b",false,,0
minecraft:birch_button,"facing:e[north;south;west;east],powered:b,face:e[floor;wall;ceiling]",false,,0
minecraft:birch_door,"open:b,hinge:e[left;right],facing:e[north;south;west;east],half:e[upper;lower],powered:b",false,,0
minecraft:birch_fence,"west:b,east:b,south:b,north:b,waterlogged:b",false,,0
minecraft:birch_fence_gate,"in_wall:b,open:b,facing:e[north;south;west;east],powered:b",false,,0
minecraft:birch_hanging_sign,"rotation:i[0-15],waterlogged:b,attached:b",true,minecraft:hanging_sign,0
minecraft:birch_leaves,"distance:i[1-7],persistent:b,waterlogged:b",false,,0
minecraft:birch_log,"axis:e[x;y;z]",false,,0
minecraft:birch_planks,,false,,0
minecraft:birch_pressure_plate,"powered:b",false,,0
minecraft:birch_sapling,"stage:i[0-1]",false,,0
minecraft:birch_sign,"rotation:i[0-15],waterlogged:b",true,minecraft:sign,0
minecraft:birch_slab,"type:e[top;bottom;double],waterlogged:b",false,,0
minecraft:birch_stairs,"facing:e[north;south;west;east],half:e[top;bottom],waterlogged:b,shape:e[straight;inner_left;inner_right;outer_left;outer_right]",false,,0
minecraft:birch_trapdoor,"open:b,facing:e[north;south;west;east],powered:b,half:e[top;bottom],waterlogged:b",false,,0
minecraft:birch_wall_hanging_sign,"facing:e[north;south;west;east],waterlogged:b",true,minecraft:hanging_sign,0
minecraft:birch_wall_sign,"facing:e[north;south;west;east],waterlogged:b",true,minecraft:sign,0
minecraft:birch_wood,"axis:e[x;y;z]",false,,0
minecraft:black_banner,"rotation:i[0-15]",true,minecraft:banner,0
minecraft:black_bed,"part:e[head;foot],occupied:b,facing:e[north;south;west;east]",true,minecraft:bed,0
minecraft:black_candle,"candles:i[1-4],lit:b,waterlogged:b",false,,0
minecraft:black_candle_cake,"lit:b",false,,0
minecraft:black_carpet,,false,,0
minecraft:black_concrete,,false,,0
minecraft:black_concrete_powder,,false,,0
minecraft:black_glazed_terracotta,"facing:e[north;south;west;east]",false,,0
minecraft:black_shulker_box,"facing:e[north;east;south;west;up;down]",true,minecraft:shulker_box,0
minecraft:black_stained_glass,,false,,0
minecraft:black_stained_glass_pane,"west:b,east:b,south:b,north:b,waterlogged:b",false,,0
minecraft:black_terracotta,,false,,0
minecraft:black_wall_banner,"facing:e[north;south;west;east]",true,minecraft:banner,0
minecraft:black_wool,,false,,0
minecraft:blackstone,,false,,0
minecraft:blackstone_slab,"type:e[top;bottom;double],waterlogged:b",false,,0
minecraft:blackstone_stairs,"facing:e[north;south;west;east],half:e[top;bottom],waterlogged:b,shape:e[straight;inner_left;inner_right;outer_left;outer_right]",false,,0
minecraft:blackstone_wall,"south:e[none;low;tall],up:b,north:e[none;low;tall],west:e[none;low;tall],east:e[none;low;tall],waterlogged:b",false,,0
minecraft:blast_furnace,"facing:e[north;south;west;east],lit:b",true,minecraft:blast_furnace,0
minecraft:blue_banner,"rotation:i[0-15]",true,minecraft:banner,0
minecraft:blue_bed,"part:e[head;foot],occupied:b,facing:e[north;south;west;east]",true,minecraft:bed,0
minecraft:blue_candle,"candles:i[1-4],lit:b,waterlogged:b",false,,0
minecraft:blue_candle_cake,"lit:b",false,,0
minecraft:blue_carpet,,false,,0
minecraft:blue_concrete,,false,,0
minecraft:blue_concrete_powder,,false,,0
minecraft:blue_glazed_terracotta,"facing:e[north;south;west;east]",false,,0
minecraft:blue_ice,,false,,0
minecraft:blue_orchid,,false,,0
minecraft:blue_shulker_box,"facing:e[north;east;south;west;up;down]",true,minecraft:shulker_box,0
minecraft:blue_stained_glass,,false,,0
minecraft:blue_stained_glass_pane,"west:b,east:b,south:b,north:b,waterlogged:b",false,,0
minecraft:blue_terracotta,,false,,0
minecraft:blue_wall_banner,"facing:e[north;south;west;east]",true,minecraft:banner,0
minecraft:blue_wool,,false,,0
minecraft:bone_block,"axis:e[x;y;z]",false,,0
minecraft:bookshelf,,false,,0
minecraft:brain_coral,"waterlogged:b",false,,0
minecraft:brain_coral_block,,false,,0
minecraft:brain_coral_fan,"waterlogged:b",false,,0
minecraft:brain_coral_wall_fan,"facing:e[north;south;west;east],waterlogged:b",false,,0
minecraft:brewing_stand,"has_bottle_2:b,has_bottle_0:b,has_bottle_1:b",true,minecraft:brewing_stand,1
minecraft:brick_slab,"type:e[top;bottom;double],waterlogged:b",false,,0
minecraft:brick_stairs,"facing:e[north;south;west;east],half:e[top;bottom],waterlogged:b,shape:e[straight;inner_left;inner_right;outer_left;outer_right]",false,,0
minecraft:brick_wall,"south:e[none;low;tall],up:b,north:e[none;low;tall],west:e[none;low;tall],east:e[none;low;tall],waterlogged:b",false,,0
minecraft:bricks,,false,,0
minecraft:brown_banner,"rotation:i[0-15]",true,minecraft:banner,0
minecraft:brown_bed,"part:e[head;foot],occupied:b,facing:e[north;south;west;east]",true,minecraft:bed,0
minecraft:brown_candle,"candles:i[1-4],lit:b,waterlogged:b",false,,0
minecraft:brown_candle_cake,"lit:b",false,,0
minecraft:brown_carpet,,false,,0
minecraft:brown_concrete,,false,,0
minecraft:brown_concrete_powder,,false,,0
minecraft:brown_glazed_terracotta,"facing:e[north;south;west;east]",false,,0
minecraft:brown_mushroom,,false,,1
minecraft:brown_mushroom_block,"down:b,west:b,east:b,up:b,south:b,north:b",false,,0
minecraft:brown_shulker_box,"facing:e[north;east;south;west;up;down]",true,minecraft:shulker_box,0
minecraft:brown_stained_glass,,false,,0
minecraft:brown_stained_glass_pane,"west:b,east:b,south:b,north:b,waterlogged:b",false,,0
minecraft:brown_terracotta,,false,,0
minecraft:brown_wall_banner,"facing:e[north;south;west;east]",true,minecraft:banner,0
minecraft:brown_wool,,false,,0
minecraft:bubble_column,"drag:b",false,,0
minecraft:bubble_coral,"waterlogged:b",false,,0
minecraft:bubble_coral_block,,false,,0
minecraft:bubble_coral_fan,"waterlogged:b",false,,0
minecraft:bubble_coral_wall_fan,"facing:e[north;south;west;east],waterlogged:b",false,,0
minecraft:budding_amethyst,,false,,0
minecraft:cactus,"age:i[0-15]",false,,0
minecraft:cake,"bites:i[0-6]",false,,0
minecraft:calcite,,false,,0
minecraft:calibrated_sculk_sensor,"facing:e[north;south;west;east],power:i[0-15],waterlogged:b,sculk_sensor_phase:e[inactive;active;cooldown]",true,minecraft:calibrated_sculk_sensor,1
minecraft:campfire,"facing:e[north;south;west;east],signal_fire:b,lit:b,waterlogged:b",true,minecraft:campfire,15
minecraft:candle,"candles:i[1-4],lit:b,waterlogged:b",false,,0
minecraft:candle_cake,"lit:b",false,,0
minecraft:carrots,"age:i[0-7]",false,,0
minecraft:cartography_table,,false,,0
minecraft:carved_pumpkin,"facing:e[north;south;west;east]",false,,0
minecraft:cauldron,,false,,0
minecraft:cave_air,,false,,0
minecraft:cave_vines,"berries:b,age:i[0-25]",false,,0
minecraft:cave_vines_plant,"berries:b",false,,0
minecraft:chain,"axis:e[x;y;z],waterlogged:b",false,,0
minecraft:chain_command_block,"facing:e[north;east;south;west;up;down],conditional:b",true,minecraft:command_block,0
minecraft:cherry_button,"facing:e[north;south;west;east],powered:b,face:e[floor;wall;ceiling]",false,,0
minecraft:cherry_door,"open:b,hinge:e[left;right],facing:e[north;south;west;east],half:e[upper;lower],powered:b",false,,0
minecraft:cherry_fence,"west:b,east:b,south:b,north:b,waterlogged:b",false,,0
minecraft:cherry_fence_gate,"in_wall:b,open:b,facing:e[north;south;west;east],powered:b",false,,0
minecraft:cherry_hanging_sign,"rotation:i[0-15],waterlogged:b,attached:b",true,minecraft:hanging_sign,0
minecraft:cherry_leaves,"distance:i[1-7],persistent:b,waterlogged:b",false,,0
minecraft:cherry_log,"axis:e[x;y;z]",false,,0
minecraft:cherry_planks,,false,,0
minecraft:cherry_pressure_plate,"powered:b",false,,0
minecraft:cherry_sapling,"stage:i[0-1]",false,,0
minecraft:cherry_sign,"rotation:i[0-15],waterlogged:b",true,minecraft:sign,0
minecraft:cherry_slab,"type:e[top;bottom;double],waterlogged:b",false,,0
minecraft:cherry_stairs,"facing:e[north;south;west;east],half:e[top;bottom],waterlogged:b,shape:e[straight;inner_left;inner_right;outer_left;outer_right]",false,,0
minecraft:cherry_trapdoor,"open:b,facing:e[north;south;west;east],powered:b,half:e[top;bottom],waterlogged:b",false,,0
minecraft:cherry_wall_hanging_sign,"facing:e[north;south;west;east],waterlogged:b",true,minecraft:hanging_sign,0
minecraft:cherry_wall_sign,"facing:e[north;south;west;east],waterlogged:b",true,minecraft:sign,0
minecraft:cherry_wood,"axis:e[x;y;z]",false,,0
minecraft:chest,"facing:e[north;south;west;east],waterlogged:b,type:e[single;left;right]",true,minecraft:chest,0
minecraft:chipped_anvil,"facing:e[north;south;west;east]",false,,0
minecraft:chiseled_bookshelf,"slot_5_occupied:b,slot_4_occupied:b,facing:e[north;south;west;east],slot_2_occupied:b,slot_3_occupied:b,slot_1_occupied:b,slot_0_occupied:b",true,minecraft:chiseled_bookshelf,0
minecraft:chiseled_deepslate,,false,,0
minecraft:chiseled_nether_bricks,,false,,0
minecraft:chiseled_polished_blackstone,,false,,0
minecraft:chiseled_quartz_block,,false,,0
minecraft:chiseled_red_sandstone,,false,,0
minecraft:chiseled_sandstone,,false,,0
minecraft:chiseled_stone_bricks,,false,,0
minecraft:chorus_flower,"age:i[0-5]",false,,0
minecraft:chorus_plant,"down:b,west:b,east:b,up:b,south:b,north:b",false,,0
minecraft:clay,,false,,0
minecraft:coal_block,,false,,0
minecraft:coal_ore,,false,,0
minecraft:coarse_dirt,,false,,0
minecraft:cobbled_deepslate,,false,,0
minecraft:cobbled_deepslate_slab,"type:e[top;bottom;double],waterlogged:b",false,,0
minecraft:cobbled_deepslate_stairs,"facing:e[north;south;west;east],half:e[top;bottom],waterlogged:b,shape:e[straight;inner_left;inner_right;outer_left;outer_right]",false,,0
minecraft:cobbled_deepslate_wall,"south:e[none;low;tall],up:b,north:e[none;low;tall],west:e[none;low;tall],east:e[none;low;tall],waterlogged:b",false,,0
minecraft:cobblestone,,false,,0
minecraft:cobblestone_slab,"type:e[top;bottom;double],waterlogged:b",false,,0
minecraft:cobblestone_stairs,"facing:e[north;south;west;east],half:e[top;bottom],waterlogged:b,shape:e[straight;inner_left;inner_right;outer_left;outer_right]",false,,0
minecraft:cobblestone_wall,"south:e[none;low;tall],up:b,north:e[none;low;tall],west:e[none;low;tall],east:e[none;low;tall],waterlogged:b",false,,0
minecraft:cobweb,,false,,0
minecraft:cocoa,"facing:e[north;south;west;east],age:i[0-2]",false,,0
minecraft:command_block,"facing:e[north;east;south;west;up;down],conditional:b",true,minecraft:command_block,0
minecraft:comparator,"facing:e[north;south;west;east],mode:e[compare;subtract],powered:b",true,minecraft:comparator,0
minecraft:composter,"level:i[0-8]",false,,0
minecraft:conduit,"waterlogged:b",true,minecraft:conduit,15
minecraft:copper_block,,false,,0
minecraft:copper_ore,,false,,0
minecraft:cornflower,,false,,0
minecraft:cracked_deepslate_bricks,,false,,0
minecraft:cracked_deepslate_tiles,,false,,0
minecraft:cracked_nether_bricks,,false,,0
minecraft:cracked_polished_blackstone_bricks,,false,,0
minecraft:cracked_stone_bricks,,false,,0
minecraft:crafting_table,,false,,0
minecraft:creeper_head,"rotation:i[0-15]",true,minecraft:skull,0
minecraft:creeper_wall_head,"facing:e[north;south;west;east]",true,minecraft:skull,0
minecraft:crimson_button,"facing:e[north;south;west;east],powered:b,face:e[floor;wall;ceiling]",false,,0
minecraft:crimson_door,"open:b,hinge:e[left;right],facing:e[north;south;west;east],half:e[upper;lower],powered:b",false,,0
minecraft:crimson_fence,"west:b,east:b,south:b,north:b,waterlogged:b",false,,0
minecraft:crimson_fence_gate,"in_wall:b,open:b,facing:e[north;south;west;east],powered:b",false,,0
minecraft:crimson_fungus,,false,,0
minecraft:crimson_hanging_sign,"rotation:i[0-15],waterlogged:b,attached:b",true,minecraft:hanging_sign,0
minecraft:crimson_hyphae,"axis:e[x;y;z]",false,,0
minecraft:crimson_nylium,,false,,0
minecraft:crimson_planks,,false,,0
minecraft:crimson_pressure_plate,"powered:b",false,,0
minecraft:crimson_roots,,false,,0
minecraft:crimson_sign,"rotation:i[0-15],waterlogged:b",true,minecraft:sign,0
minecraft:crimson_slab,"type:e[top;bottom;double],waterlogged:b",false,,0
minecraft:crimson_stairs,"facing:e[north;south;west;east],half:e[top;bottom],waterlogged:b,shape:e[straight;inner_left;inner_right;outer_left;outer_right]",false,,0
minecraft:crimson_stem,"axis:e[x;y;z]",false,,0
minecraft:crimson_trapdoor,"open:b,facing:e[north;south;west;east],powered:b,half:e[top;bottom],waterlogged:b",false,,0
minecraft:crimson_wall_hanging_sign,"facing:e[north;south;west;east],waterlogged:b",true,minecraft:hanging_sign,0
minecraft:crimson_wall_sign,"facing:e[north;south;west;east],waterlogged:b",true,minecraft:sign,0
minecraft:crying_obsidian,,false,,10
minecraft:cut_copper,,false,,0
minecraft:cut_copper_slab,"type:e[top;bottom;double],waterlogged:b",false,,0
minecraft:cut_copper_stairs,"facing:e[north;south;west;east],half:e[top;bottom],waterlogged:b,shape:e[straight;inner_left;inner_right;outer_left;outer_right]",false,,0
minecraft:cut_red_sandstone,,false,,0
minecraft:cut_red_sandstone_slab,"type:e[top;bottom;double],waterlogged:b",false,,0
minecraft:cut_sandstone,,false,,0
minecraft:cut_sandstone_slab,"type:e[top;bottom;double],waterlogged:b",false,,0
minecraft:cyan_banner,"rotation:i[0-15]",true,minecraft:banner,0
minecraft:cyan_bed,"part:e[head;foot],occupied:b,facing:e[north;south;west;east]",true,minecraft:bed,0
minecraft:cyan_candle,"candles:i[1-4],lit:b,waterlogged:b",false,,0
minecraft:cyan_candle_cake,"lit:b",false,,0
minecraft:cyan_carpet,,false,,0
minecraft:cyan_concrete,,false,,0
minecraft:cyan_concrete_powder,,false,,0
minecraft:cyan_glazed_terracotta,"facing:e[north;south;west;east]",false,,0
minecraft:cyan_shulker_box,"facing:e[north;east;south;west;up;down]",true,minecraft:shulker_box,0
minecraft:cyan_stained_glass,,false,,0
minecraft:cyan_stained_glass_pane,"west:b,east:b,south:b,north:b,waterlogged:b",false,,0
minecraft:cyan_terracotta,,false,,0
minecraft:cyan_wall_banner,"facing:e[north;south;west;east]",true,minecraft:banner,0
minecraft:cyan_wool,,false,,0
minecraft:damaged_anvil,"facing:e[north;south;west;east]",false,,0
minecraft:dandelion,,false,,0
minecraft:dark_oak_button,"facing:e[north;south;west;east],powered:b,face:e[floor;wall;ceiling]",false,,0
minecraft:dark_oak_door,"open:b,hinge:e[left;right],facing:e[north;south;west;east],half:e[upper;lower],powered:b",false,,0
minecraft:dark_oak_fence,"west:b,east:b,south:b,north:b,waterlogged:b",false,,0
minecraft:dark_oak_fence_gate,"in_wall:b,open:b,facing:e[north;south;west;east],powered:b",false,,0
minecraft:dark_oak_hanging_sign,"rotation:i[0-15],waterlogged:b,attached:b",true,minecraft:hanging_sign,0
minecraft:dark_oak_leaves,"distance:i[1-7],persistent:b,waterlogged:b",false,,0
minecraft:dark_oak_log,"axis:e[x;y;z]",false,,0
minecraft:dark_oak_planks,,false,,0
minecraft:dark_oak_pressure_plate,"powered:b",false,,0
minecraft:dark_oak_sapling,"stage:i[0-1]",false,,0
minecraft:dark_oak_sign,"rotation:i[0-15],waterlogged:b",true,minecraft:sign,0
minecraft:dark_oak_slab,"type:e[top;bottom;double],waterlogged:b",false,,0
minecraft:dark_oak_stairs,"facing:e[north;south;west;east],half:e[top;bottom],waterlogged:b,shape:e[straight;inner_left;inner_right;outer_left;outer_right]",false,,0
minecraft:dark_oak_trapdoor,"open:b,facing:e[north;south;west;east],powered:b,half:e[top;bottom],waterlogged:b",false,,0
minecraft:dark_oak_wall_hanging_sign,"facing:e[north;south;west;east],waterlogged:b",true,minecraft:hanging_sign,0
minecraft:dark_oak_wall_sign,"facing:e[north;south;west;east],waterlogged:b",true,minecraft:sign,0
minecraft:dark_oak_wood,"axis:e[x;y;z]",false,,0
minecraft:dark_prismarine,,false,,0
minecraft:dark_prismarine_slab,"type:e[top;bottom;double],waterlogged:b",false,,0
minecraft:dark_prismarine_stairs,"facing:e[north;south;west;east],half:e[top;bottom],waterlogged:b,shape:e[straight;inner_left;inner_right;outer_left;outer_right]",false,,0
minecraft:daylight_detector,"power:i[0-15],inverted:b",true,minecraft:daylight_detector,0
minecraft:dead_brain_coral,"waterlogged:b",false,,0
minecraft:dead_brain_coral_block,,false,,0
minecraft:dead_brain_coral_fan,"waterlogged:b",false,,0
minecraft:dead_brain_coral_wall_fan,"facing:e[north;south;west;east],waterlogged:b",false,,0
minecraft:dead_bubble_coral,"waterlogged:b",false,,0
minecraft:dead_bubble_coral_block,,false,,0
minecraft:dead_bubble_coral_fan,"waterlogged:b",false,,0
minecraft:dead_bubble_coral_wall_fan,"facing:e[north;south;west;east],waterlogged:b",false,,0
minecraft:dead_bush,,false,,0
minecraft:dead_fire_coral,"waterlogged:b",false,,0
minecraft:dead_fire_coral_block,,false,,0
minecraft:dead_fire_coral_fan,"waterlogged:b",false,,0
minecraft:dead_fire_coral_wall_fan,"facing:e[north;south;west;east],waterlogged:b",false,,0
minecraft:dead_horn_coral,"waterlogged:b",false,,0
minecraft:dead_horn_coral_block,,false,,0
minecraft:dead_horn_coral_fan,"waterlogged:b",false,,0
minecraft:dead_horn_coral_wall_fan,"facing:e[north;south;west;east],waterlogged:b",false,,0
minecraft:dead_tube_coral,"waterlogged:b",false,,0
minecraft:dead_tube_coral_block,,false,,0
minecraft:dead_tube_coral_fan,"waterlogged:b",false,,0
minecraft:dead_tube_coral_wall_fan,"facing:e[north;south;west;east],waterlogged:b",false,,0
minecraft:decorated_pot,"facing:e[north;south;west;east],cracked:b,waterlogged:b",true,minecraft:decorated_pot,0
minecraft:deepslate,"axis:e[x;y;z]",false,,0
minecraft:deepslate_brick_slab,"type:e[top;bottom;double],waterlogged:b",false,,0
minecraft:deepslate_brick_stairs,"facing:e[north;south;west;east],half:e[top;bottom],waterlogged:b,shape:e[straight;inner_left;inner_right;outer_left;outer_right]",false,,0
minecraft:deepslate_brick_wall,"south:e[none;low;tall],up:b,north:e[none;low;tall],west:e[none;low;tall],east:e[none;low;tall],waterlogged:b",false,,0
minecraft:deepslate_bricks,,false,,0
minecraft:deepslate_coal_ore,,false,,0
minecraft:deepslate_copper_ore,,false,,0
minecraft:deepslate_diamond_ore,,false,,0
minecraft:deepslate_emerald_ore,,false,,0
minecraft:deepslate_gold_ore,,false,,0
minecraft:deepslate_iron_ore,,false,,0
minecraft:deepslate_lapis_ore,,false,,0
minecraft:deepslate_redstone_ore,"lit:b",false,,0
minecraft:deepslate_tile_slab,"type:e[top;bottom;double],waterlogged:b",false,,0
minecraft:deepslate_tile_stairs,"facing:e[north;south;west;east],half:e[top;bottom],waterlogged:b,shape:e[straight;inner_left;inner_right;outer_left;outer_right]",false,,0
minecraft:deepslate_tile_wall,"south:e[none;low;tall],up:b,north:e[none;low;tall],west:e[none;low;tall],east:e[none;low;tall],waterlogged:b",false,,0
minecraft:deepslate_tiles,,false,,0
minecraft:detector_rail,"powered:b,shape:e[north_south;east_west;ascending_east;ascending_west;ascending_north;ascending_south],waterlogged:b",false,,0
minecraft:diamond_block,,false,,0
minecraft:diamond_ore,,false,,0
minecraft:diorite,,false,,0
minecraft:diorite_slab,"type:e[top;bottom;double],waterlogged:b",false,,0
minecraft:diorite_stairs,"facing:e[north;south;west;east],half:e[top;bottom],waterlogged:b,shape:e[straight;inner_left;inner_right;outer_left;outer_right]",false,,0
minecraft:diorite_wall,"south:e[none;low;tall],up:b,north:e[none;low;tall],west:e[none;low;tall],east:e[none;low;tall],waterlogged:b",false,,0
minecraft:dirt,,false,,0
minecraft:dirt_path,,false,,0
minecraft:dispenser,"facing:e[north;east;south;west;up;down],triggered:b",true,minecraft:dispenser,0
minecraft:dragon_egg,,false,,1
minecraft:dragon_head,"rotation:i[0-15]",true,minecraft:skull,0
minecraft:dragon_wall_head,"facing:e[north;south;west;east]",true,minecraft:skull,0
minecraft:dried_kelp_block,,false,,0
minecraft:dripstone_block,,false,,0
minecraft:dropper,"facing:e[north;east;south;west;up;down],triggered:b",true,minecraft:dropper,0
minecraft:emerald_block,,false,,0
minecraft:emerald_ore,,false,,0
minecraft:enchanting_table,,true,minecraft:enchanting_table,7
minecraft:end_gateway,,true,minecraft:end_gateway,15
minecraft:end_portal,,true,minecraft:end_portal,15
minecraft:end_portal_frame,"facing:e[north;south;west;east],eye:b",false,,1
minecraft:end_rod,"facing:e[north;east;south;west;up;down]",false,,14
minecraft:end_stone,,false,,0
minecraft:end_stone_brick_slab,"type:e[top;bottom;double],waterlogged:b",false,,0
minecraft:end_stone_brick_stairs,"facing:e[north;south;west;east],half:e[top;bottom],waterlogged:b,shape:e[straight;inner_left;inner_right;outer_left;outer_right]",false,,0
minecraft:end_stone_brick_wall,"south:e[none;low;tall],up:b,north:e[none;low;tall],west:e[none;low;tall],east:e[none;low;tall],waterlogged:b",false,,0
minecraft:end_stone_bricks,,false,,0
minecraft:ender_chest,"facing:e[north;south;west;east],waterlogged:b",true,minecraft:ender_chest,7
minecraft:exposed_copper,,false,,0
minecraft:exposed_cut_copper,,false,,0
minecraft:exposed_cut_copper_slab,"type:e[top;bottom;double],waterlogged:b",false,,0
minecraft:exposed_cut_copper_stairs,"facing:e[north;south;west;east],half:e[top;bottom],waterlogged:b,shape:e[straight;inner_left;inner_right;outer_left;outer_right]",false,,0
minecraft:farmland,"moisture:i[0-7]",false,,0
minecraft:fern,,false,,0
minecraft:fire,"west:b,east:b,up:b,age:i[0-15],south:b,north:b",false,,15
minecraft:fire_coral,"waterlogged:b",false,,0
minecraft:fire_coral_block,,false,,0
minecraft:fire_coral_fan,"waterlogged:b",false,,0
minecraft:fire_coral_wall_fan,"facing:e[north;south;west;east],waterlogged:b",false,,0
minecraft:fletching_table,,false,,0
minecraft:flower_pot,,false,,0
minecraft:flowering_azalea,,false,,0
minecraft:flowering_azalea_leaves,"distance:i[1-7],persistent:b,waterlogged:b",false,,0
minecraft:frogspawn,,false,,0
minecraft:frosted_ice,"age:i[0-3]",false,,0
minecraft:furnace,"facing:e[north;south;west;east],lit:b",true,minecraft:furnace,0
minecraft:gilded_blackstone,,false,,0
minecraft:glass,,false,,0
minecraft:glass_pane,"west:b,east:b,south:b,north:b,waterlogged:b",false,,0
minecraft:glow_lichen,"down:b,west:b,east:b,up:b,south:b,north:b,waterlogged:b",false,,0
minecraft:glowstone,,false,,15
minecraft:gold_block,,false,,0
minecraft:gold_ore,,false,,0
minecraft:granite,,false,,0
minecraft:granite_slab,"type:e[top;bottom;double],waterlogged:b",false,,0
minecraft:granite_stairs,"facing:e[north;south;west;east],half:e[top;bottom],waterlogged:b,shape:e[straight;inner_left;inner_right;outer_left;outer_right]",false,,0
minecraft:granite_wall,"south:e[none;low;tall],up:b,north:e[none;low;tall],west:e[none;low;tall],east:e[none;low;tall],waterlogged:b",false,,0
minecraft:grass,,false,,0
minecraft:grass_block,"snowy:b",false,,0
minecraft:gravel,,false,,0
minecraft:gray_banner,"rotation:i[0-15]",true,minecraft:banner,0
minecraft:gray_bed,"part:e[head;foot],occupied:b,facing:e[north;south;west;east]",true,minecraft:bed,0
minecraft:gray_candle,"candles:i[1-4],lit:b,waterlogged:b",false,,0
minecraft:gray_candle_cake,"lit:b",false,,0
minecraft:gray_carpet,,false,,0
minecraft:gray_concrete,,false,,0
minecraft:gray_concrete_powder,,false,,0
minecraft:gray_glazed_terracotta,"facing:e[north;south;west;east]",false,,0
minecraft:gray_shulker_box,"facing:e[north;east;south;west;up;down]",true,minecraft:shulker_box,0
minecraft:gray_stained_glass,,false,,0
minecraft:gray_stained_glass_pane,"west:b,east:b,south:b,north:b,waterlogged:b",false,,0
minecraft:gray_terracotta,,false,,0
minecraft:gray_wall_banner,"facing:e[north;south;west;east]",true,minecraft:banner,0
minecraft:gray_wool,,false,,0
minecraft:green_banner,"rotation:i[0-15]",true,minecraft:banner,0
minecraft:green_bed,"part:e[head;foot],occupied:b,facing:e[north;south;west;east]",true,minecraft:bed,0
minecraft:green_candle,"candles:i[1-4],lit:b,waterlogged:b",false,,0
minecraft:green_candle_cake,"lit:b",false,,0
minecraft:green_carpet,,false,,0
minecraft:green_concrete,,false,,0
minecraft:green_concrete_powder,,false,,0
minecraft:green_glazed_terracotta,"facing:e[north;south;west;east]",false,,0
minecraft:green_shulker_box,"facing:e[north;east;south;west;up;down]",true,minecraft:shulker_box,0
minecraft:green_stained_glass,,false,,0
minecraft:green_stained_glass_pane,"west:b,east:b,south:b,north:b,waterlogged:b",false,,0
minecraft:green_terracotta,,false,,0
minecraft:green_wall_banner,"facing:e[north;south;west;east]",true,minecraft:banner,0
minecraft:green_wool,,false,,0
minecraft:grindstone,"facing:e[north;south;west;east],face:e[floor;wall;ceiling]",false,,0
minecraft:hanging_roots,"waterlogged:b",false,,0
minecraft:hay_block,"axis:e[x;y;z]",false,,0
minecraft:heavy_weighted_pressure_plate,"power:i[0-15]",false,,0
minecraft:honey_block,,false,,0
minecraft:honeycomb_block,,false,,0
minecraft:hopper,"enabled:b,facing:e[down;north;south;west;east]",true,minecraft:hopper,0
minecraft:horn_coral,"waterlogged:b",false,,0
minecraft:horn_coral_block,,false,,0
minecraft:horn_coral_fan,"waterlogged:b",false,,0
minecraft:horn_coral_wall_fan,"facing:e[north;south;west;east],waterlogged:b",false,,0
minecraft:ice,,false,,0
minecraft:infested_chiseled_stone_bricks,,false,,0
minecraft:infested_cobblestone,,false,,0
minecraft:infested_cracked_stone_bricks,,false,,0
minecraft:infested_deepslate,"axis:e[x;y;z]",false,,0
minecraft:infested_mossy_stone_bricks,,false,,0
minecraft:infested_stone,,false,,0
minecraft:infested_stone_bricks,,false,,0
minecraft:iron_bars,"west:b,east:b,south:b,north:b,waterlogged:b",false,,0
minecraft:iron_block,,false,,0
minecraft:iron_door,"open:b,hinge:e[left;right],facing:e[north;south;west;east],half:e[upper;lower],powered:b",false,,0
minecraft:iron_ore,,false,,0
minecraft:iron_trapdoor,"open:b,facing:e[north;south;west;east],powered:b,half:e[top;bottom],waterlogged:b",false,,0
minecraft:jack_o_lantern,"facing:e[north;south;west;east]",false,,15
minecraft:jigsaw,"orientation:e[down_east;down_north;down_south;down_west;up_east;up_north;up_south;up_west;west_up;east_up;north_up;south_up]",true,minecraft:jigsaw,0
minecraft:jukebox,"has_record:b",true,minecraft:jukebox,0
minecraft:jungle_button,"facing:e[north;south;west;east],powered:b,face:e[floor;wall;ceiling]",false,,0
minecraft:jungle_door,"open:b,hinge:e[left;right],facing:e[north;south;west;east],half:e[upper;lower],powered:b",false,,0
minecraft:jungle_fence,"west:b,east:b,south:b,north:b,waterlogged:b",false,,0
minecraft:jungle_fence_gate,"in_wall:b,open:b,facing:e[north;south;west;east],powered:b",false,,0
minecraft:jungle_hanging_sign,"rotation:i[0-15],waterlogged:b,attached:b",true,minecraft:hanging_sign,0
minecraft:jungle_leaves,"distance:i[1-7],persistent:b,waterlogged:b",false,,0
minecraft:jungle_log,"axis:e[x;y;z]",false,,0
minecraft:jungle_planks,,false,,0
minecraft:jungle_pressure_plate,"powered:b",false,,0
minecraft:jungle_sapling,"stage:i[0-1]",false,,0
minecraft:jungle_sign,"rotation:i[0-15],waterlogged:b",true,minecraft:sign,0
minecraft:jungle_slab,"type:e[top;bottom;double],waterlogged:b",false,,0
minecraft:jungle_stairs,"facing:e[north;south;west;east],half:e[top;bottom],waterlogged:b,shape:e[straight;inner_left;inner_right;outer_left;outer_right]",false,,0
minecraft:jungle_trapdoor,"open:b,facing:e[north;south;west;east],powered:b,half:e[top;bottom],waterlogged:b",false,,0
minecraft:jungle_wall_hanging_sign,"facing:e[north;south;west;east],waterlogged:b",true,minecraft:hanging_sign,0
minecraft:jungle_wall_sign,"facing:e[north;south;west;east],waterlogged:b",true,minecraft:sign,0
minecraft:jungle_wood,"axis:e[x;y;z]",false,,0
minecraft:kelp,"age:i[0-25]",false,,0
minecraft:kelp_plant,,false,,0
minecraft:ladder,"facing:e[north;south;west;east],waterlogged:b",false,,0
minecraft:lantern,"hanging:b,waterlogged:b",false,,15
minecraft:lapis_block,,false,,0
minecraft:lapis_ore,,false,,0
minecraft:large_amethyst_bud,"facing:e[north;east;south;west;up;down],waterlogged:b",false,,4
minecraft:large_fern,"half:e[upper;lower]",false,,0
minecraft:lava,"level:i[0-15]",false,,15
minecraft:lava_cauldron,,false,,15
minecraft:lectern,"has_book:b,facing:e[north;south;west;east],powered:b",true,minecraft:lectern,0
minecraft:lever,"facing:e[north;south;west;east],powered:b,face:e[floor;wall;ceiling]",false,,0
minecraft:light,"level:i[0-15],waterlogged:b",false,,15
minecraft:light_blue_banner,"rotation:i[0-15]",true,minecraft:banner,0
minecraft:light_blue_bed,"part:e[head;foot],occupied:b,facing:e[north;south;west;east]",true,minecraft:bed,0
minecraft:light_blue_candle,"candles:i[1-4],lit:b,waterlogged:b",false,,0
minecraft:light_blue_candle_cake,"lit:b",false,,0
minecraft:light_blue_carpet,,false,,0
minecraft:light_blue_concrete,,false,,0
minecraft:light_blue_concrete_powder,,false,,0
minecraft:light_blue_glazed_terracotta,"facing:e[north;south;west;east]",false,,0
minecraft:light_blue_shulker_box,"facing:e[north;east;south;west;up;down]",true,minecraft:shulker_box,0
minecraft:light_blue_stained_glass,,false,,0
minecraft:light_blue_stained_glass_pane,"west:b,east:b,south:b,north:b,waterlogged:b",false,,0
minecraft:light_blue_terracotta,,false,,0
minecraft:light_blue_wall_banner,"facing:e[north;south;west;east]",true,minecraft:banner,0
minecraft:light_blue_wool,,false,,0
minecraft:light_gray_banner,"rotation:i[0-15]",true,minecraft:banner,0
minecraft:light_gray_bed,"part:e[head;foot],occupied:b,facing:e[north;south;west;east]",true,minecraft:bed,0
minecraft:light_gray_candle,"candles:i[1-4],lit:b,waterlogged:b",false,,0
minecraft:light_gray_candle_cake,"lit:b",false,,0
minecraft:light_gray_carpet,,false,,0
minecraft:light_gray_concrete,,false,,0
minecraft:light_gray_concrete_powder,,false,,0
minecraft:light_gray_glazed_terracotta,"facing:e[north;south;west;east]",false,,0
minecraft:light_gray_shulker_box,"facing:e[north;east;south;west;up;down]",true,minecraft:shulker_box,0
minecraft:light_gray_stained_glass,,false,,0
minecraft:light_gray_stained_glass_pane,"west:b,east:b,south:b,north:b,waterlogged:b",false,,0
minecraft:light_gray_terracotta,,false,,0
minecraft:light_gray_wall_banner,"facing:e[north;south;west;east]",true,minecraft:banner,0
minecraft:light_gray_wool,,false,,0
minecraft:light_weighted_pressure_plate,"power:i[0-15]",false,,0
minecraft:lightning_rod,"facing:e[north;east;south;west;up;down],powered:b,waterlogged:b",false,,0
minecraft:lilac,"half:e[upper;lower]",false,,0
minecraft:lily_of_the_valley,,false,,0
minecraft:lily_pad,,false,,0
minecraft:lime_banner,"rotation:i[0-15]",true,minecraft:banner,0
minecraft:lime_bed,"part:e[head;foot],occupied:b,facing:e[north;south;west;east]",true,minecraft:bed,0
minecraft:lime_candle,"candles:i[1-4],lit:b,waterlogged:b",false,,0
minecraft:lime_candle_cake,"lit:b",false,,0
minecraft:lime_carpet,,false,,0
minecraft:lime_concrete,,false,,0
minecraft:lime_concrete_powder,,false,,0
minecraft:lime_glazed_terracotta,"facing:e[north;south;west;east]",false,,0
minecraft:lime_shulker_box,"facing:e[north;east;south;west;up;down]",true,minecraft:shulker_box,0
minecraft:lime_stained_glass,,false,,0
minecraft:lime_stained_glass_pane,"west:b,east:b,south:b,north:b,waterlogged:b",false,,0
minecraft:lime_terracotta,,false,,0
minecraft:lime_wall_banner,"facing:e[north;south;west;east]",true,minecraft:banner,0
minecraft:lime_wool,,false,,0
minecraft:lodestone,,false,,0
minecraft:loom,"facing:e[north;south;west;east]",false,,0
minecraft:magenta_banner,"rotation:i[0-15]",true,minecraft:banner,0
minecraft:magenta_bed,"part:e[head;foot],occupied:b,facing:e[north;south;west;east]",true,minecraft:bed,0
minecraft:magenta_candle,"candles:i[1-4],lit:b,waterlogged:b",false,,0
minecraft:magenta_candle_cake,"lit:b",false,,0
minecraft:magenta_carpet,,false,,0
minecraft:magenta_concrete,,false,,0
minecraft:magenta_concrete_powder,,false,,0
minecraft:magenta_glazed_terracotta,"facing:e[north;south;west;east]",false,,0
minecraft:magenta_shulker_box,"facing:e[north;east;south;west;up;down]",true,minecraft:shulker_box,0
minecraft:magenta_stained_glass,,false,,0
minecraft:magenta_stained_glass_pane,"west:b,east:b,south:b,north:b,waterlogged:b",false,,0
minecraft:magenta_terracotta,,false,,0
minecraft:magenta_wall_banner,"facing:e[north;south;west;east]",true,minecraft:banner,0
minecraft:magenta_wool,,false,,0
minecraft:magma_block,,false,,3
minecraft:mangrove_button,"facing:e[north;south;west;east],powered:b,face:e[floor;wall;ceiling]",false,,0
minecraft:mangrove_door,"open:b,hinge:e[left;right],facing:e[north;south;west;east],half:e[upper;lower],powered:b",false,,0
minecraft:mangrove_fence,"west:b,east:b,south:b,north:b,waterlogged:b",false,,0
minecraft:mangrove_fence_gate,"in_wall:b,open:b,facing:e[north;south;west;east],powered:b",false,,0
minecraft:mangrove_hanging_sign,"rotation:i[0-15],waterlogged:b,attached:b",true,minecraft:hanging_sign,0
minecraft:mangrove_leaves,"distance:i[1-7],persistent:b,waterlogged:b",false,,0
minecraft:mangrove_log,"axis:e[x;y;z]",false,,0
minecraft:mangrove_planks,,false,,0
minecraft:mangrove_pressure_plate,"powered:b",false,,0
minecraft:mangrove_propagule,"age:i[0-4],hanging:b,stage:i[0-1],waterlogged:b",false,,0
minecraft:mangrove_roots,"waterlogged:b",false,,0
minecraft:mangrove_sign,"rotation:i[0-15],waterlogged:b",true,minecraft:sign,0
minecraft:mangrove_slab,"type:e[top;bottom;double],waterlogged:b",false,,0
minecraft:mangrove_stairs,"facing:e[north;south;west;east],half:e[top;bottom],waterlogged:b,shape:e[straight;inner_left;inner_right;outer_left;outer_right]",false,,0
minecraft:mangrove_trapdoor,"open:b,facing:e[north;south;west;east],powered:b,half:e[top;bottom],waterlogged:b",false,,0
minecraft:mangrove_wall_hanging_sign,"facing:e[north;south;west;east],waterlogged:b",true,minecraft:hanging_sign,0
minecraft:mangrove_wall_sign,"facing:e[north;south;west;east],waterlogged:b",true,minecraft:sign,0
minecraft:mangrove_wood,"axis:e[x;y;z]",false,,0
minecraft:medium_amethyst_bud,"facing:e[north;east;south;west;up;down],waterlogged:b",false,,2
minecraft:melon,,false,,0
minecraft:melon_stem,"age:i[0-7]",false,,0
minecraft:moss_block,,false,,0
minecraft:moss_carpet,,false,,0
minecraft:mossy_cobblestone,,false,,0
minecraft:mossy_cobblestone_slab,"type:e[top;bottom;double],waterlogged:b",false,,0
minecraft:mossy_cobblestone_stairs,"facing:e[north;south;west;east],half:e[top;bottom],waterlogged:b,shape:e[straight;inner_left;inner_right;outer_left;outer_right]",false,,0
minecraft:mossy_cobblestone_wall,"south:e[none;low;tall],up:b,north:e[none;low;tall],west:e[none;low;tall],east:e[none;low;tall],waterlogged:b",false,,0
minecraft:mossy_stone_brick_slab,"type:e[top;bottom;double],waterlogged:b",false,,0
minecraft:mossy_stone_brick_stairs,"facing:e[north;south;west;east],half:e[top;bottom],waterlogged:b,shape:e[straight;inner_left;inner_right;outer_left;outer_right]",false,,0
minecraft:mossy_stone_brick_wall,"south:e[none;low;tall],up:b,north:e[none;low;tall],west:e[none;low;tall],east:e[none;low;tall],waterlogged:b",false,,0
minecraft:mossy_stone_bricks,,false,,0
minecraft:moving_piston,"facing:e[north;east;south;west;up;down],type:e[normal;sticky]",true,minecraft:piston,0
minecraft:mud,,false,,0
minecraft:mud_brick_slab,"type:e[top;bottom;double],waterlogged:b",false,,0
minecraft:mud_brick_stairs,"facing:e[north;south;west;east],half:e[top;bottom],waterlogged:b,shape:e[straight;inner_left;inner_right;outer_left;outer_right]",false,,0
minecraft:mud_brick_wall,"south:e[none;low;tall],up:b,north:e[none;low;tall],west:e[none;low;tall],east:e[none;low;tall],waterlogged:b",false,,0
minecraft:mud_bricks,,false,,0
minecraft:muddy_mangrove_roots,"axis:e[x;y;z]",false,,0
minecraft:mushroom_stem,"down:b,west:b,east:b,up:b,south:b,north:b",false,,0
minecraft:mycelium,"snowy:b",false,,0
minecraft:nether_brick_fence,"west:b,east:b,south:b,north:b,waterlogged:b",false,,0
minecraft:nether_brick_slab,"type:e[top;bottom;double],waterlogged:b",false,,0
minecraft:nether_brick_stairs,"facing:e[north;south;west;east],half:e[top;bottom],waterlogged:b,shape:e[straight;inner_left;inner_right;outer_left;outer_right]",false,,0
minecraft:nether_brick_wall,"south:e[none;low;tall],up:b,north:e[none;low;tall],west:e[none;low;tall],east:e[none;low;tall],waterlogged:b",false,,0
minecraft:nether_bricks,,false,,0
minecraft:nether_gold_ore,,false,,0
minecraft:nether_portal,"axis:e[x;z]",false,,11
minecraft:nether_quartz_ore,,false,,0
minecraft:nether_sprouts,,false,,0
minecraft:nether_wart,"age:i[0-3]",false,,0
minecraft:nether_wart_block,,false,,0
minecraft:netherite_block,,false,,0
minecraft:netherrack,,false,,0
minecraft:note_block,"instrument:e[harp;basedrum;snare;hat;bass;flute;bell;guitar;chime;xylophone;iron_xylophone;cow_bell;didgeridoo;bit;banjo;pling;zombie;skeleton;creeper;dragon;wither_skeleton;piglin;custom_head],powered:b,note:i[0-24]",false,,0
minecraft:oak_button,"facing:e[north;south;west;east],powered:b,face:e[floor;wall;ceiling]",false,,0
minecraft:oak_door,"open:b,hinge:e[left;right],facing:e[north;south;west;east],half:e[upper;lower],powered:b",false,,0
minecraft:oak_fence,"west:b,east:b,south:b,north:b,waterlogged:b",false,,0
minecraft:oak_fence_gate,"in_wall:b,open:b,facing:e[north;south;west;east],powered:b",false,,0
minecraft:oak_hanging_sign,"rotation:i[0-15],waterlogged:b,attached:b",true,minecraft:hanging_sign,0
minecraft:oak_leaves,"distance:i[1-7],persistent:b,waterlogged:b",false,,0
minecraft:oak_log,"axis:e[x;y;z]",false,,0
minecraft:oak_planks,,false,,0
minecraft:oak_pressure_plate,"powered:b",false,,0
minecraft:oak_sapling,"stage:i[0-1]",false,,0
minecraft:oak_sign,"rotation:i[0-15],waterlogged:b",true,minecraft:sign,0
minecraft:oak_slab,"type:e[top;bottom;double],waterlogged:b",false,,0
minecraft:oak_stairs,"facing:e[north;south;west;east],half:e[top;bottom],waterlogged:b,shape:e[straight;inner_left;inner_right;outer_left;outer_right]",false,,0
minecraft:oak_trapdoor,"open:b,facing:e[north;south;west;east],powered:b,half:e[top;bottom],waterlogged:b",false,,0
minecraft:oak_wall_hanging_sign,"facing:e[north;south;west;east],waterlogged:b",true,minecraft:hanging_sign,0
minecraft:oak_wall_sign,"facing:e[north;south;west;east],waterlogged:b",true,minecraft:sign,0
minecraft:oak_wood,"axis:e[x;y;z]",false,,0
minecraft:observer,"facing:e[north;east;south;west;up;down],powered:b",false,,0
minecraft:obsidian,,false,,0
minecraft:ochre_froglight,"axis:e[x;y;z]",false,,15
minecraft:orange_banner,"rotation:i[0-15]",true,minecraft:banner,0
minecraft:orange_bed,"part:e[head;foot],occupied:b,facing:e[north;south;west;east]",true,minecraft:bed,0
minecraft:orange_candle,"candles:i[1-4],lit:b,waterlogged:b",false,,0
minecraft:orange_candle_cake,"lit:b",false,,0
minecraft:orange_carpet,,false,,0
minecraft:orange_concrete,,false,,0
minecraft:orange_concrete_powder,,false,,0
minecraft:orange_glazed_terracotta,"facing:e[north;south;west;east]",false,,0
minecraft:orange_shulker_box,"facing:e[north;east;south;west;up;down]",true,minecraft:shulker_box,0
minecraft:orange_stained_glass,,false,,0
minecraft:orange_stained_glass_pane,"west:b,east:b,south:b,north:b,waterlogged:b",false,,0
minecraft:orange_terracotta,,false,,0
minecraft:orange_tulip,,false,,0
minecraft:orange_wall_banner,"facing:e[north;south;west;east]",true,minecraft:banner,0
minecraft:orange_wool,,false,,0
minecraft:oxeye_daisy,,false,,0
minecraft:oxidized_copper,,false,,0
minecraft:oxidized_cut_copper,,false,,0
minecraft:oxidized_cut_copper_slab,"type:e[top;bottom;double],waterlogged:b",false,,0
minecraft:oxidized_cut_copper_stairs,"facing:e[north;south;west;east],half:e[top;bottom],waterlogged:b,shape:e[straight;inner_left;inner_right;outer_left;outer_right]",false,,0
minecraft:packed_ice,,false,,0
minecraft:packed_mud,,false,,0
minecraft:pearlescent_froglight,"axis:e[x;y;z]",false,,15
minecraft:peony,"half:e[upper;lower]",false,,0
minecraft:petrified_oak_slab,"type:e[top;bottom;double],waterlogged:b",false,,0
minecraft:piglin_head,"rotation:i[0-15]",true,minecraft:skull,0
minecraft:piglin_wall_head,"facing:e[north;south;west;east]",true,minecraft:skull,0
minecraft:pink_banner,"rotation:i[0-15]",true,minecraft:banner,0
minecraft:pink_bed,"part:e[head;foot],occupied:b,facing:e[north;south;west;east]",true,minecraft:bed,0
minecraft:pink_candle,"candles:i[1-4],lit:b,waterlogged:b",false,,0
minecraft:pink_candle_cake,"lit:b",false,,0
minecraft:pink_carpet,,false,,0
minecraft:pink_concrete,,false,,0
minecraft:pink_concrete_powder,,false,,0
minecraft:pink_glazed_terracotta,"facing:e[north;south;west;east]",false,,0
minecraft:pink_petals,"flower_amount:i[1-4],facing:e[north;south;west;east]",false,,0
minecraft:pink_shulker_box,"facing:e[north;east;south;west;up;down]",true,minecraft:shulker_box,0
minecraft:pink_stained_glass,,false,,0
minecraft:pink_stained_glass_pane,"west:b,east:b,south:b,north:b,waterlogged:b",false,,0
minecraft:pink_terracotta,,false,,0
minecraft:pink_tulip,,false,,0
minecraft:pink_wall_banner,"facing:e[north;south;west;east]",true,minecraft:banner,0
minecraft:pink_wool,,false,,0
minecraft:piston,"extended:b,facing:e[north;east;south;west;up;down]",false,,0
minecraft:piston_head,"facing:e[north;east;south;west;up;down],short:b,type:e[normal;sticky]",false,,0
minecraft:pitcher_crop,"age:i[0-4],half:e[upper;lower]",false,,0
minecraft:pitcher_plant,"half:e[upper;lower]",false,,0
minecraft:player_head,"rotation:i[0-15]",true,minecraft:skull,0
minecraft:player_wall_head,"facing:e[north;south;west;east]",true,minecraft:skull,0
minecraft:podzol,"snowy:b",false,,0
minecraft:pointed_dripstone,"thickness:e[tip_merge;tip;frustum;middle;base],vertical_direction:e[up;down],waterlogged:b",false,,0
minecraft:polished_andesite,,false,,0
minecraft:polished_andesite_slab,"type:e[top;bottom;double],waterlogged:b",false,,0
minecraft:polished_andesite_stairs,"facing:e[north;south;west;east],half:e[top;bottom],waterlogged:b,shape:e[straight;inner_left;inner_right;outer_left;outer_right]",false,,0
minecraft:polished_basalt,"axis:e[x;y;z]",false,,0
minecraft:polished_blackstone,,false,,0
minecraft:polished_blackstone_brick_slab,"type:e[top;bottom;double],waterlogged:b",false,,0
minecraft:polished_blackstone_brick_stairs,"facing:e[north;south;west;east],half:e[top;bottom],waterlogged:b,shape:e[straight;inner_left;inner_right;outer_left;outer_right]",false,,0
minecraft:polished_blackstone_brick_wall,"south:e[none;low;tall],up:b,north:e[none;low;tall],west:e[none;low;tall],east:e[none;low;tall],waterlogged:b",false,,0
minecraft:polished_blackstone_bricks,,false,,0
minecraft:polished_blackstone_button,"facing:e[north;south;west;east],powered:b,face:e[floor;wall;ceiling]",false,,0
minecraft:polished_blackstone_pressure_plate,"powered:b",false,,0
minecraft:polished_blackstone_slab,"type:e[top;bottom;double],waterlogged:b",false,,0
minecraft:polished_blackstone_stairs,"facing:e[north;south;west;east],half:e[top;bottom],waterlogged:b,shape:e[straight;inner_left;inner_right;outer_left;outer_right]",false,,0
minecraft:polished_blackstone_wall,"south:e[none;low;tall],up:b,north:e[none;low;tall],west:e[none;low;tall],east:e[none;low;tall],waterlogged:b",false,,0
minecraft:polished_deepslate,,false,,0
minecraft:polished_deepslate_slab,"type:e[top;bottom;double],waterlogged:b",false,,0
minecraft:polished_deepslate_stairs,"facing:e[north;south;west;east],half:e[top;bottom],waterlogged:b,shape:e[straight;inner_left;inner_right;outer_left;outer_right]",false,,0
minecraft:polished_deepslate_wall,"south:e[none;low;tall],up:b,north:e[none;low;tall],west:e[none;low;tall],east:e[none;low;tall],waterlogged:b",false,,0
minecraft:polished_diorite,,false,,0
minecraft:polished_diorite_slab,"type:e[top;bottom;double],waterlogged:b",false,,0
minecraft:polished_diorite_stairs,"facing:e[north;south;west;east],half:e[top;bottom],waterlogged:b,shape:e[straight;inner_left;inner_right;outer_left;outer_right]",false,,0
minecraft:polished_granite,,false,,0
minecraft:polished_granite_slab,"type:e[top;bottom;double],waterlogged:b",false,,0
minecraft:polished_granite_stairs,"facing:e[north;south;west;east],half:e[top;bottom],waterlogged:b,shape:e[straight;inner_left;inner_right;outer_left;outer_right]",false,,0
minecraft:poppy,,false,,0
minecraft:potatoes,"age:i[0-7]",false,,0
minecraft:potted_acacia_sapling,,false,,0
minecraft:potted_allium,,false,,0
minecraft:potted_azalea_bush,,false,,0
minecraft:potted_azure_bluet,,false,,0
minecraft:potted_bamboo,,false,,0
minecraft:potted_birch_sapling,,false,,0
minecraft:potted_blue_orchid,,false,,0
minecraft:potted_brown_mushroom,,false,,0
minecraft:potted_cactus,,false,,0
minecraft:potted_cherry_sapling,,false,,0
minecraft:potted_cornflower,,false,,0
minecraft:potted_crimson_fungus,,false,,0
minecraft:potted_crimson_roots,,false,,0
minecraft:potted_dandelion,,false,,0
minecraft:potted_dark_oak_sapling,,false,,0
minecraft:potted_dead_bush,,false,,0
minecraft:potted_fern,,false,,0
minecraft:potted_flowering_azalea_bush,,false,,0
minecraft:potted_jungle_sapling,,false,,0
minecraft:potted_lily_of_the_valley,,false,,0
minecraft:potted_mangrove_propagule,,false,,0
minecraft:potted_oak_sapling,,false,,0
minecraft:potted_orange_tulip,,false,,0
minecraft:potted_oxeye_daisy,,false,,0
minecraft:potted_pink_tulip,,false,,0
minecraft:potted_poppy,,false,,0
minecraft:potted_red_mushroom,,false,,0
minecraft:potted_red_tulip,,false,,0
minecraft:potted_spruce_sapling,,false,,0
minecraft:potted_torchflower,,false,,0
minecraft:potted_warped_fungus,,false,,0
minecraft:potted_warped_roots,,false,,0
minecraft:potted_white_tulip,,false,,0
minecraft:potted_wither_rose,,false,,0
minecraft:powder_snow,,false,,0
minecraft:powder_snow_cauldron,"level:i[1-3]",false,,0
minecraft:powered_rail,"powered:b,shape:e[north_south;east_west;ascending_east;ascending_west;ascending_north;ascending_south],waterlogged:b",false,,0
minecraft:prismarine,,false,,0
minecraft:prismarine_brick_slab,"type:e[top;bottom;double],waterlogged:b",false,,0
minecraft:prismarine_brick_stairs,"facing:e[north;south;west;east],half:e[top;bottom],waterlogged:b,shape:e[straight;inner_left;inner_right;outer_left;outer_right]",false,,0
minecraft:prismarine_bricks,,false,,0
minecraft:prismarine_slab,"type:e[top;bottom;double],waterlogged:b",false,,0
minecraft:prismarine_stairs,"facing:e[north;south;west;east],half:e[top;bottom],waterlogged:b,shape:e[straight;inner_left;inner_right;outer_left;outer_right]",false,,0
minecraft:prismarine_wall,"south:e[none;low;tall],up:b,north:e[none;low;tall],west:e[none;low;tall],east:e[none;low;tall],waterlogged:b",false,,0
minecraft:pumpkin,,false,,0
minecraft:pumpkin_stem,"age:i[0-7]",false,,0
minecraft:purple_banner,"rotation:i[0-15]",true,minecraft:banner,0
minecraft:purple_bed,"part:e[head;foot],occupied:b,facing:e[north;south;west;east]",true,minecraft:bed,0
minecraft:purple_candle,"candles:i[1-4],lit:b,waterlogged:b",false,,0
minecraft:purple_candle_cake,"lit:b",false,,0
minecraft:purple_carpet,,false,,0
minecraft:purple_concrete,,false,,0
minecraft:purple_concrete_powder,,false,,0
minecraft:purple_glazed_terracotta,"facing:e[north;south;west;east]",false,,0
minecraft:purple_shulker_box,"facing:e[north;east;south;west;up;down]",true,minecraft:shulker_box,0
minecraft:purple_stained_glass,,false,,0
minecraft:purple_stained_glass_pane,"west:b,east:b,south:b,north:b,waterlogged:b",false,,0
minecraft:purple_terracotta,,false,,0
minecraft:purple_wall_banner,"facing:e[north;south;west;east]",true,minecraft:banner,0
minecraft:purple_wool,,false,,0
minecraft:purpur_block,,false,,0
minecraft:purpur_pillar,"axis:e[x;y;z]",false,,0
minecraft:purpur_slab,"type:e[top;bottom;double],waterlogged:b",false,,0
minecraft:purpur_stairs,"facing:e[north;south;west;east],half:e[top;bottom],waterlogged:b,shape:e[straight;inner_left;inner_right;outer_left;outer_right]",false,,0
minecraft:quartz_block,,false,,0
minecraft:quartz_bricks,,false,,0
minecraft:quartz_pillar,"axis:e[x;y;z]",false,,0
minecraft:quartz_slab,"type:e[top;bottom;double],waterlogged:b",false,,0
minecraft:quartz_stairs,"facing:e[north;south;west;east],half:e[top;bottom],waterlogged:b,shape:e[straight;inner_left;inner_right;outer_left;outer_right]",false,,0
minecraft:rail,"shape:e[north_south;east_west;ascending_east;ascending_west;ascending_north;ascending_south;south_east;south_west;north_west;north_east],waterlogged:b",false,,0
minecraft:raw_copper_block,,false,,0
minecraft:raw_gold_block,,false,,0
minecraft:raw_iron_block,,false,,0
minecraft:red_banner,"rotation:i[0-15]",true,minecraft:banner,0
minecraft:red_bed,"part:e[head;foot],occupied:b,facing:e[north;south;west;east]",true,minecraft:bed,0
minecraft:red_candle,"candles:i[1-4],lit:b,waterlogged:b",false,,0
minecraft:red_candle_cake,"lit:b",false,,0
minecraft:red_carpet,,false,,0
minecraft:red_concrete,,false,,0
minecraft:red_concrete_powder,,false,,0
minecraft:red_glazed_terracotta,"facing:e[north;south;west;east]",false,,0
minecraft:red_mushroom,,false,,0
minecraft:red_mushroom_block,"down:b,west:b,east:b,up:b,south:b,north:b",false,,0
minecraft:red_nether_brick_slab,"type:e[top;bottom;double],waterlogged:b",false,,0
minecraft:red_nether_brick_stairs,"facing:e[north;south;west;east],half:e[top;bottom],waterlogged:b,shape:e[straight;inner_left;inner_right;outer_left;outer_right]",false,,0
minecraft:red_nether_brick_wall,"south:e[none;low;tall],up:b,north:e[none;low;tall],west:e[none;low;tall],east:e[none;low;tall],waterlogged:b",false,,0
minecraft:red_nether_bricks,,false,,0
minecraft:red_sand,,false,,0
minecraft:red_sandstone,,false,,0
minecraft:red_sandstone_slab,"type:e[top;bottom;double],waterlogged:b",false,,0
minecraft:red_sandstone_stairs,"facing:e[north;south;west;east],half:e[top;bottom],waterlogged:b,shape:e[straight;inner_left;inner_right;outer_left;outer_right]",false,,0
minecraft:red_sandstone_wall,"south:e[none;low;tall],up:b,north:e[none;low;tall],west:e[none;low;tall],east:e[none;low;tall],waterlogged:b",false,,0
minecraft:red_shulker_box,"facing:e[north;east;south;west;up;down]",true,minecraft:shulker_box,0
minecraft:red_stained_glass,,false,,0
minecraft:red_stained_glass_pane,"west:b,east:b,south:b,north:b,waterlogged:b",false,,0
minecraft:red_terracotta,,false,,0
minecraft:red_tulip,,false,,0
minecraft:red_wall_banner,"facing:e[north;south;west;east]",true,minecraft:banner,0
minecraft:red_wool,,false,,0
minecraft:redstone_block,,false,,0
minecraft:redstone_lamp,"lit:b",false,,0
minecraft:redstone_ore,"lit:b",false,,0
minecraft:redstone_torch,"lit:b",false,,7
minecraft:redstone_wall_torch,"facing:e[north;south;west;east],lit:b",false,,7
minecraft:redstone_wire,"west:e[up;side;none],power:i[0-15],south:e[up;side;none],east:e[up;side;none],north:e[up;side;none]",false,,0
minecraft:reinforced_deepslate,,false,,0
minecraft:repeater,"facing:e[north;south;west;east],locked:b,delay:i[1-4],powered:b",false,,0
minecraft:repeating_command_block,"facing:e[north;east;south;west;up;down],conditional:b",true,minecraft:command_block,0
minecraft:respawn_anchor,"charges:i[0-4]",false,,0
minecraft:rooted_dirt,,false,,0
minecraft:rose_bush,"half:e[upper;lower]",false,,0
minecraft:sand,,false,,0
minecraft:sandstone,,false,,0
minecraft:sandstone_slab,"type:e[top;bottom;double],waterlogged:b",false,,0
minecraft:sandstone_stairs,"facing:e[north;south;west;east],half:e[top;bottom],waterlogged:b,shape:e[straight;inner_left;inner_right;outer_left;outer_right]",false,,0
minecraft:sandstone_wall,"south:e[none;low;tall],up:b,north:e[none;low;tall],west:e[none;low;tall],east:e[none;low;tall],waterlogged:b",false,,0
minecraft:scaffolding,"distance:i[0-7],bottom:b,waterlogged:b",false,,0
minecraft:sculk,,false,,0
minecraft:sculk_catalyst,"bloom:b",true,minecraft:sculk_catalyst,6
minecraft:sculk_sensor,"power:i[0-15],waterlogged:b,sculk_sensor_phase:e[inactive;active;cooldown]",true,minecraft:sculk_sensor,1
minecraft:sculk_shrieker,"shrieking:b,can_summon:b,waterlogged:b",true,minecraft:sculk_shrieker,0
minecraft:sculk_vein,"down:b,west:b,east:b,up:b,south:b,north:b,waterlogged:b",false,,0
minecraft:sea_lantern,,false,,15
minecraft:sea_pickle,"pickles:i[1-4],waterlogged:b",false,,6
minecraft:seagrass,,false,,0
minecraft:shroomlight,,false,,15
minecraft:shulker_box,"facing:e[north;east;south;west;up;down]",true,minecraft:shulker_box,0
minecraft:skeleton_skull,"rotation:i[0-15]",true,minecraft:skull,0
minecraft:skeleton_wall_skull,"facing:e[north;south;west;east]",true,minecraft:skull,0
minecraft:slime_block,,false,,0
minecraft:small_amethyst_bud,"facing:e[north;east;south;west;up;down],waterlogged:b",false,,1
minecraft:small_dripleaf,"facing:e[north;south;west;east],half:e[upper;lower],waterlogged:b",false,,0
minecraft:smithing_table,,false,,0
minecraft:smoker,"facing:e[north;south;west;east],lit:b",true,minecraft:smoker,0
minecraft:smooth_basalt,,false,,0
minecraft:smooth_quartz,,false,,0
minecraft:smooth_quartz_slab,"type:e[top;bottom;double],waterlogged:b",false,,0
minecraft:smooth_quartz_stairs,"facing:e[north;south;west;east],half:e[top;bottom],waterlogged:b,shape:e[straight;inner_left;inner_right;outer_left;outer_right]",false,,0
minecraft:smooth_red_sandstone,,false,,0
minecraft:smooth_red_sandstone_slab,"type:e[top;bottom;double],waterlogged:b",false,,0
minecraft:smooth_red_sandstone_stairs,"facing:e[north;south;west;east],half:e[top;bottom],waterlogged:b,shape:e[straight;inner_left;inner_right;outer_left;outer_right]",false,,0
minecraft:smooth_sandstone,,false,,0
minecraft:smooth_sandstone_slab,"type:e[top;bottom;double],waterlogged:b",false,,0
minecraft:smooth_sandstone_stairs,"facing:e[north;south;west;east],half:e[top;bottom],waterlogged:b,shape:e[straight;inner_left;inner_right;outer_left;outer_right]",false,,0
minecraft:smooth_stone,,false,,0
minecraft:smooth_stone_slab,"type:e[top;bottom;double],waterlogged:b",false,,0
minecraft:sniffer_egg,"hatch:i[0-2]",false,,0
minecraft:snow,"layers:i[1-8]",false,,0
minecraft:snow_block,,false,,0
minecraft:soul_campfire,"facing:e[north;south;west;east],signal_fire:b,lit:b,waterlogged:b",true,minecraft:campfire,10
minecraft:soul_fire,,false,,10
minecraft:soul_lantern,"hanging:b,waterlogged:b",false,,10
minecraft:soul_sand,,false,,0
minecraft:soul_soil,,false,,0
minecraft:soul_torch,,false,,10
minecraft:soul_wall_torch,"facing:e[north;south;west;east]",false,,10
minecraft:spawner,,true,minecraft:mob_spawner,0
minecraft:sponge,,false,,0
minecraft:spore_blossom,,false,,0
minecraft:spruce_button,"facing:e[north;south;west;east],powered:b,face:e[floor;wall;ceiling]",false,,0
minecraft:spruce_door,"open:b,hinge:e[left;right],facing:e[north;south;west;east],half:e[upper;lower],powered:b",false,,0
minecraft:spruce_fence,"west:b,east:b,south:b,north:b,waterlogged:b",false,,0
minecraft:spruce_fence_gate,"in_wall:b,open:b,facing:e[north;south;west;east],powered:b",false,,0
minecraft:spruce_hanging_sign,"rotation:i[0-15],waterlogged:b,attached:b",true,minecraft:hanging_sign,0
minecraft:spruce_leaves,"distance:i[1-7],persistent:b,waterlogged:b",false,,0
minecraft:spruce_log,"axis:e[x;y;z]",false,,0
minecraft:spruce_planks,,false,,0
minecraft:spruce_pressure_plate,"powered:b",false,,0
minecraft:spruce_sapling,"stage:i[0-1]",false,,0
minecraft:spruce_sign,"rotation:i[0-15],waterlogged:b",true,minecraft:sign,0
minecraft:spruce_slab,"type:e[top;bottom;double],waterlogged:b",false,,0
minecraft:spruce_stairs,"facing:e[north;south;west;east],half:e[top;bottom],waterlogged:b,shape:e[straight;inner_left;inner_right;outer_left;outer_right]",false,,0
minecraft:spruce_trapdoor,"open:b,facing:e[north;south;west;east],powered:b,half:e[top;bottom],waterlogged:b",false,,0
minecraft:spruce_wall_hanging_sign,"facing:e[north;south;west;east],waterlogged:b",true,minecraft:hanging_sign,0
minecraft:spruce_wall_sign,"facing:e[north;south;west;east],waterlogged:b",true,minecraft:sign,0
minecraft:spruce_wood,"axis:e[x;y;z]",false,,0
minecraft:sticky_piston,"extended:b,facing:e[north;east;south;west;up;down]",false,,0
minecraft:stone,,false,,0
minecraft:stone_brick_slab,"type:e[top;bottom;double],waterlogged:b",false,,0
minecraft:stone_brick_stairs,"facing:e[north;south;west;east],half:e[top;bottom],waterlogged:b,shape:e[straight;inner_left;inner_right;outer_left;outer_right]",false,,0
minecraft:stone_brick_wall,"south:e[none;low;tall],up:b,north:e[none;low;tall],west:e[none;low;tall],east:e[none;low;tall],waterlogged:b",false,,0
minecraft:stone_bricks,,false,,0
minecraft:stone_button,"facing:e[north;south;west;east],powered:b,face:e[floor;wall;ceiling]",false,,0
minecraft:stone_pressure_plate,"powered:b",false,,0
minecraft:stone_slab,"type:e[top;bottom;double],waterlogged:b",false,,0
minecraft:stone_stairs,"facing:e[north;south;west;east],half:e[top;bottom],waterlogged:b,shape:e[straight;inner_left;inner_right;outer_left;outer_right]",false,,0
minecraft:stonecutter,"facing:e[north;south;west;east]",false,,0
minecraft:stripped_acacia_log,"axis:e[x;y;z]",false,,0
minecraft:stripped_acacia_wood,"axis:e[x;y;z]",false,,0
minecraft:stripped_bamboo_block,"axis:e[x;y;z]",false,,0
minecraft:stripped_birch_log,"axis:e[x;y;z]",false,,0
minecraft:stripped_birch_wood,"axis:e[x;y;z]",false,,0
minecraft:stripped_cherry_log,"axis:e[x;y;z]",false,,0
minecraft:stripped_cherry_wood,"axis:e[x;y;z]",false,,0
minecraft:stripped_crimson_hyphae,"axis:e[x;y;z]",false,,0
minecraft:stripped_crimson_stem,"axis:e[x;y;z]",false,,0
minecraft:stripped_dark_oak_log,"axis:e[x;y;z]",false,,0
minecraft:stripped_dark_oak_wood,"axis:e[x;y;z]",false,,0
minecraft:stripped_jungle_log,"axis:e[x;y;z]",false,,0
minecraft:stripped_jungle_wood,"axis:e[x;y;z]",false,,0
minecraft:stripped_mangrove_log,"axis:e[x;y;z]",false,,0
minecraft:stripped_mangrove_wood,"axis:e[x;y;z]",false,,0
minecraft:stripped_oak_log,"axis:e[x;y;z]",false,,0
minecraft:stripped_oak_wood,"axis:e[x;y;z]",false,,0
minecraft:stripped_spruce_log,"axis:e[x;y;z]",false,,0
minecraft:stripped_spruce_wood,"axis:e[x;y;z]",false,,0
minecraft:stripped_warped_hyphae,"axis:e[x;y;z]",false,,0
minecraft:stripped_warped_stem,"axis:e[x;y;z]",false,,0
minecraft:structure_block,"mode:e[save;load;corner;data]",true,minecraft:structure_block,0
minecraft:structure_void,,false,,0
minecraft:sugar_cane,"age:i[0-15]",false,,0
minecraft:sunflower,"half:e[upper;lower]",false,,0
minecraft:suspicious_gravel,"dusted:i[0-3]",true,minecraft:brushable_block,0
minecraft:suspicious_sand,"dusted:i[0-3]",true,minecraft:brushable_block,0
minecraft:sweet_berry_bush,"age:i[0-3]",false,,0
minecraft:tall_grass,"half:e[upper;lower]",false,,0
minecraft:tall_seagrass,"half:e[upper;lower]",false,,0
minecraft:target,"power:i[0-15]",false,,0
minecraft:terracotta,,false,,0
minecraft:tinted_glass,,false,,0
minecraft:tnt,"unstable:b",false,,0
minecraft:torch,,false,,14
minecraft:torchflower,,false,,0
minecraft:torchflower_crop,"age:i[0-1]",false,,0
minecraft:trapped_chest,"facing:e[north;south;west;east],waterlogged:b,type:e[single;left;right]",true,minecraft:trapped_chest,0
minecraft:tripwire,"west:b,east:b,disarmed:b,south:b,north:b,powered:b,attached:b",false,,0
minecraft:tripwire_hook,"facing:e[north;south;west;east],powered:b,attached:b",false,,0
minecraft:tube_coral,"waterlogged:b",false,,0
minecraft:tube_coral_block,,false,,0
minecraft:tube_coral_fan,"waterlogged:b",false,,0
minecraft:tube_coral_wall_fan,"facing:e[north;south;west;east],waterlogged:b",false,,0
minecraft:tuff,,false,,0
minecraft:turtle_egg,"eggs:i[1-4],hatch:i[0-2]",false,,0
minecraft:twisting_vines,"age:i[0-25]",false,,0
minecraft:twisting_vines_plant,,false,,0
minecraft:verdant_froglight,"axis:e[x;y;z]",false,,15
minecraft:vine,"west:b,east:b,up:b,south:b,north:b",false,,0
minecraft:void_air,,false,,0
minecraft:wall_torch,"facing:e[north;south;west;east]",false,,14
minecraft:warped_button,"facing:e[north;south;west;east],powered:b,face:e[floor;wall;ceiling]",false,,0
minecraft:warped_door,"open:b,hinge:e[left;right],facing:e[north;south;west;east],half:e[upper;lower],powered:b",false,,0
minecraft:warped_fence,"west:b,east:b,south:b,north:b,waterlogged:b",false,,0
minecraft:warped_fence_gate,"in_wall:b,open:b,facing:e[north;south;west;east],powered:b",false,,0
minecraft:warped_fungus,,false,,0
minecraft:warped_hanging_sign,"rotation:i[0-15],waterlogged:b,attached:b",true,minecraft:hanging_sign,0
minecraft:warped_hyphae,"axis:e[x;y;z]",false,,0
minecraft:warped_nylium,,false,,0
minecraft:warped_planks,,false,,0
minecraft:warped_pressure_plate,"powered:b",false,,0
minecraft:warped_roots,,false,,0
minecraft:warped_sign,"rotation:i[0-15],waterlogged:b",true,minecraft:sign,0
minecraft:warped_slab,"type:e[top;bottom;double],waterlogged:b",false,,0
minecraft:warped_stairs,"facing:e[north;south;west;east],half:e[top;bottom],waterlogged:b,shape:e[straight;inner_left;inner_right;outer_left;outer_right]",false,,0
minecraft:warped_stem,"axis:e[x;y;z]",false,,0
minecraft:warped_trapdoor,"open:b,facing:e[north;south;west;east],powered:b,half:e[top;bottom],waterlogged:b",false,,0
minecraft:warped_wall_hanging_sign,"facing:e[north;south;west;east],waterlogged:b",true,minecraft:hanging_sign,0
minecraft:warped_wall_sign,"facing:e[north;south;west;east],waterlogged:b",true,minecraft:sign,0
minecraft:warped_wart_block,,false,,0
minecraft:water,"level:i[0-15]",false,,0
minecraft:water_cauldron,"level:i[1-3]",false,,0
minecraft:waxed_copper_block,,false,,0
minecraft:waxed_cut_copper,,false,,0
minecraft:waxed_cut_copper_slab,"type:e[top;bottom;double],waterlogged:b",false,,0
minecraft:waxed_cut_copper_stairs,"facing:e[north;south;west;east],half:e[top;bottom],waterlogged:b,shape:e[straight;inner_left;inner_right;outer_left;outer_right]",false,,0
minecraft:waxed_exposed_copper,,false,,0
minecraft:waxed_exposed_cut_copper,,false,,0
minecraft:waxed_exposed_cut_copper_slab,"type:e[top;bottom;double],waterlogged:b",false,,0
minecraft:waxed_exposed_cut_copper_stairs,"facing:e[north;south;west;east],half:e[top;bottom],waterlogged:b,shape:e[straight;inner_left;inner_right;outer_left;outer_right]",false,,0
minecraft:waxed_oxidized_copper,,false,,0
minecraft:waxed_oxidized_cut_copper,,false,,0
minecraft:waxed_oxidized_cut_copper_slab,"type:e[top;bottom;double],waterlogged:b",false,,0
minecraft:waxed_oxidized_cut_copper_stairs,"facing:e[north;south;west;east],half:e[top;bottom],waterlogged:b,shape:e[straight;inner_left;inner_right;outer_left;outer_right]",false,,0
minecraft:waxed_weathered_copper,,false,,0
minecraft:waxed_weathered_cut_copper,,false,,0
minecraft:waxed_weathered_cut_copper_slab,"type:e[top;bottom;double],waterlogged:b",false,,0
minecraft:waxed_weathered_cut_copper_stairs,"facing:e[north;south;west;east],half:e[top;bottom],waterlogged:b,shape:e[straight;inner_left;inner_right;outer_left;outer_right]",false,,0
minecraft:weathered_copper,,false,,0
minecraft:weathered_cut_copper,,false,,0
minecraft:weathered_cut_copper_slab,"type:e[top;bottom;double],waterlogged:b",false,,0
minecraft:weathered_cut_copper_stairs,"facing:e[north;south;west;east],half:e[top;bottom],waterlogged:b,shape:e[straight;inner_left;inner_right;outer_left;outer_right]",false,,0
minecraft:weeping_vines,"age:i[0-25]",false,,0
minecraft:weeping_vines_plant,,false,,0
minecraft:wet_sponge,,false,,0
minecraft:wheat,"age:i[0-7]",false,,0
minecraft:white_banner,"rotation:i[0-15]",true,minecraft:banner,0
minecraft:white_bed,"part:e[head;foot],occupied:b,facing:e[north;south;west;east]",true,minecraft:bed,0
minecraft:white_candle,"candles:i[1-4],lit:b,waterlogged:b",false,,0
minecraft:white_candle_cake,"lit:b",false,,0
minecraft:white_carpet,,false,,0
minecraft:white_concrete,,false,,0
minecraft:white_concrete_powder,,false,,0
minecraft:white_glazed_terracotta,"facing:e[north;south;west;east]",false,,0
minecraft:white_shulker_box,"facing:e[north;east;south;west;up;down]",true,minecraft:shulker_box,0
minecraft:white_stained_glass,,false,,0
minecraft:white_stained_glass_pane,"west:b,east:b,south:b,north:b,waterlogged:b",false,,0
minecraft:white_terracotta,,false,,0
minecraft:white_tulip,,false,,0
minecraft:white_wall_banner,"facing:e[north;south;west;east]",true,minecraft:banner,0
minecraft:white_wool,,false,,0
minecraft:wither_rose,,false,,0
minecraft:wither_skeleton_skull,"rotation:i[0-15]",true,minecraft:skull,0
minecraft:wither_skeleton_wall_skull,"facing:e[north;south;west;east]",true,minecraft:skull,0
minecraft:yellow_banner,"rotation:i[0-15]",true,minecraft:banner,0
minecraft:yellow_bed,"part:e[head;foot],occupied:b,facing:e[north;south;west;east]",true,minecraft:bed,0
minecraft:yellow_candle,"candles:i[1-4],lit:b,waterlogged:b",false,,0
minecraft:yellow_candle_cake,"lit:b",false,,0
minecraft:yellow_carpet,,false,,0
minecraft:yellow_concrete,,false,,0
minecraft:yellow_concrete_powder,,false,,0
minecraft:yellow_glazed_terracotta,"facing:e[north;south;west;east]",false,,0
minecraft:yellow_shulker_box,"facing:e[north;east;south;west;up;down]",true,minecraft:shulker_box,0
minecraft:yellow_stained_glass,,false,,0
minecraft:yellow_stained_glass_pane,"west:b,east:b,south:b,north:b,waterlogged:b",false,,0
minecraft:yellow_terracotta,,false,,0
minecraft:yellow_wall_banner,"facing:e[north;south;west;east]",true,minecraft:banner,0
minecraft:yellow_wool,,false,,0
minecraft:zombie_head,"rotation:i[0-15]",true,minecraft:skull,0
minecraft:zombie_wall_head,"facing:e[north;south;west;east]",true,minecraft:skull,0
