name,properties,opacity,terrain,insubstantial,veryInsubstantial,resource,tileEntity,treeRelated,vegetation,blockLight,natural,dry
legacy:block_175,data=8,0,false,true,true,false,false,false,true,0,true,true
minecraft:acacia_door,"facing,half,open",0,false,false,false,false,false,false,false,0,false,true
minecraft:acacia_fence,,0,false,false,false,false,false,false,false,0,false,true
minecraft:acacia_fence_gate,"facing,open,powered",0,false,false,false,false,false,false,false,0,false,true
minecraft:acacia_leaves,persistent,1,false,false,true,false,false,true,false,0,true,true
minecraft:acacia_log,axis,15,false,false,false,false,false,true,false,0,true,true
minecraft:acacia_planks,,15,false,false,false,false,false,false,false,0,false,true
minecraft:acacia_sapling,stage,0,false,true,true,false,false,true,false,0,false,true
minecraft:acacia_slab,type,15,false,false,false,false,false,false,false,0,false,true
minecraft:acacia_stairs,"facing,half",15,false,false,false,false,false,false,false,0,false,true
minecraft:acacia_wood,,15,false,false,false,false,false,true,false,0,true,true
minecraft:activator_rail,"powered,shape",0,false,false,false,false,false,false,false,0,false,true
minecraft:air,,0,false,false,true,false,false,false,false,0,true,true
minecraft:allium,,0,false,true,true,false,false,false,true,0,true,true
minecraft:andesite,,15,true,false,false,false,false,false,false,0,true,true
minecraft:anvil,facing,0,false,false,false,false,false,false,false,0,false,true
minecraft:azure_bluet,,0,false,true,true,false,false,false,true,0,true,true
minecraft:barrier,,0,false,false,false,false,false,false,false,0,false,true
minecraft:beacon,,15,false,false,false,false,true,false,false,15,false,true
minecraft:bedrock,,15,true,false,false,false,false,false,false,0,true,true
minecraft:beetroots,age,0,false,true,true,false,false,false,true,0,false,true
minecraft:birch_door,"facing,half,open",0,false,false,false,false,false,false,false,0,false,true
minecraft:birch_fence,,0,false,false,false,false,false,false,false,0,false,true
minecraft:birch_fence_gate,"facing,open,powered",0,false,false,false,false,false,false,false,0,false,true
minecraft:birch_leaves,persistent,1,false,false,true,false,false,true,false,0,true,true
minecraft:birch_log,axis,15,false,false,false,false,false,true,false,0,true,true
minecraft:birch_planks,,15,false,false,false,false,false,false,false,0,false,true
minecraft:birch_sapling,stage,0,false,true,true,false,false,true,false,0,false,true
minecraft:birch_slab,type,15,false,false,false,false,false,false,false,0,false,true
minecraft:birch_stairs,"facing,half",15,false,false,false,false,false,false,false,0,false,true
minecraft:birch_wood,,15,false,false,false,false,false,true,false,0,true,true
minecraft:black_carpet,,0,false,false,false,false,false,false,false,0,false,true
minecraft:black_concrete,,15,false,false,false,false,false,false,false,0,false,true
minecraft:black_concrete_powder,,15,false,false,false,false,false,false,false,0,false,true
minecraft:black_glazed_terracotta,facing,15,false,false,false,false,false,false,false,0,false,true
minecraft:black_shulker_box,facing,0,false,false,false,false,true,false,false,0,false,true
minecraft:black_stained_glass,,15,false,false,false,false,false,false,false,0,false,true
minecraft:black_stained_glass_pane,,0,false,false,false,false,false,false,false,0,false,true
minecraft:black_terracotta,,15,true,false,false,false,false,false,false,0,true,true
minecraft:black_wool,,15,false,false,false,false,false,false,false,0,false,true
minecraft:blue_carpet,,0,false,false,false,false,false,false,false,0,false,true
minecraft:blue_concrete,,15,false,false,false,false,false,false,false,0,false,true
minecraft:blue_concrete_powder,,15,false,false,false,false,false,false,false,0,false,true
minecraft:blue_glazed_terracotta,facing,15,false,false,false,false,false,false,false,0,false,true
minecraft:blue_orchid,,0,false,true,true,false,false,false,true,0,true,true
minecraft:blue_shulker_box,facing,0,false,false,false,false,true,false,false,0,false,true
minecraft:blue_stained_glass,,15,false,false,false,false,false,false,false,0,false,true
minecraft:blue_stained_glass_pane,,0,false,false,false,false,false,false,false,0,false,true
minecraft:blue_terracotta,,15,true,false,false,false,false,false,false,0,true,true
minecraft:blue_wool,,15,false,false,false,false,false,false,false,0,false,true
minecraft:bone_block,axis,15,false,false,false,false,false,false,false,0,true,true
minecraft:bookshelf,,15,false,false,false,false,false,false,false,0,false,true
minecraft:brewing_stand,"has_bottle_0,has_bottle_1,has_bottle_2",0,false,false,false,false,true,false,false,1,false,true
minecraft:brick_slab,type,15,false,false,false,false,false,false,false,0,false,true
minecraft:brick_stairs,"facing,half",15,false,false,false,false,false,false,false,0,false,true
minecraft:bricks,,15,false,false,false,false,false,false,false,0,false,true
minecraft:brown_carpet,,0,false,false,false,false,false,false,false,0,false,true
minecraft:brown_concrete,,15,false,false,false,false,false,false,false,0,false,true
minecraft:brown_concrete_powder,,15,false,false,false,false,false,false,false,0,false,true
minecraft:brown_glazed_terracotta,facing,15,false,false,false,false,false,false,false,0,false,true
minecraft:brown_mushroom,,0,false,true,true,false,false,false,true,1,true,true
minecraft:brown_mushroom_block,"down,east,north,south,up,west",15,false,false,false,false,false,true,false,0,true,true
minecraft:brown_shulker_box,facing,0,false,false,false,false,true,false,false,0,false,true
minecraft:brown_stained_glass,,15,false,false,false,false,false,false,false,0,false,true
minecraft:brown_stained_glass_pane,,0,false,false,false,false,false,false,false,0,false,true
minecraft:brown_terracotta,,15,true,false,false,false,false,false,false,0,true,true
minecraft:brown_wool,,15,false,false,false,false,false,false,false,0,false,true
minecraft:cactus,age,0,false,true,true,false,false,false,true,0,true,true
minecraft:cake,bites,0,false,false,false,false,false,false,false,0,false,true
minecraft:carrots,age,0,false,true,true,false,false,false,true,0,false,true
minecraft:carved_pumpkin,facing,0,false,true,true,false,false,false,true,0,true,true
minecraft:cauldron,level,0,false,false,false,false,false,false,false,0,false,true
minecraft:chain_command_block,"conditional,facing",15,false,false,false,false,true,false,false,0,false,true
minecraft:chest,facing,0,false,false,false,false,true,false,false,0,false,true
minecraft:chipped_anvil,facing,15,false,false,false,false,false,false,false,0,false,true
minecraft:chiseled_quartz_block,,15,false,false,false,false,false,false,false,0,false,true
minecraft:chiseled_red_sandstone,,15,false,false,false,false,false,false,false,0,true,true
minecraft:chiseled_sandstone,,15,false,false,false,false,false,false,false,0,true,true
minecraft:chiseled_stone_bricks,,15,false,false,false,false,false,false,false,0,false,true
minecraft:chorus_flower,age,0,false,true,true,false,false,false,true,0,true,true
minecraft:chorus_plant,,0,false,true,true,false,false,false,true,0,true,true
minecraft:clay,,15,true,false,false,false,false,false,false,0,true,true
minecraft:coal_block,,15,false,false,false,false,false,false,false,0,false,true
minecraft:coal_ore,,15,true,false,false,true,false,false,false,0,true,true
minecraft:coarse_dirt,,15,true,false,false,false,false,false,false,0,true,true
minecraft:cobblestone,,15,false,false,false,false,false,false,false,0,false,true
minecraft:cobblestone_slab,type,15,false,false,false,false,false,false,false,0,false,true
minecraft:cobblestone_stairs,"facing,half",15,false,false,false,false,false,false,false,0,false,true
minecraft:cobblestone_wall,,0,false,false,false,false,false,false,false,0,false,true
minecraft:cobweb,,0,false,true,true,false,false,false,false,0,false,true
minecraft:cocoa,"age,facing",0,false,true,true,false,false,true,false,0,true,true
minecraft:command_block,"conditional,facing",15,false,false,false,false,true,false,false,0,false,true
minecraft:comparator,"facing,mode,powered",0,false,false,false,false,true,false,false,0,false,true
minecraft:cracked_stone_bricks,,15,false,false,false,false,false,false,false,0,false,true
minecraft:crafting_table,,15,false,false,false,false,false,false,false,0,false,true
minecraft:cut_red_sandstone,,15,false,false,false,false,false,false,false,0,true,true
minecraft:cut_sandstone,,15,false,false,false,false,false,false,false,0,true,true
minecraft:cyan_carpet,,0,false,false,false,false,false,false,false,0,false,true
minecraft:cyan_concrete,,15,false,false,false,false,false,false,false,0,false,true
minecraft:cyan_concrete_powder,,15,false,false,false,false,false,false,false,0,false,true
minecraft:cyan_glazed_terracotta,facing,15,false,false,false,false,false,false,false,0,false,true
minecraft:cyan_shulker_box,facing,0,false,false,false,false,true,false,false,0,false,true
minecraft:cyan_stained_glass,,15,false,false,false,false,false,false,false,0,false,true
minecraft:cyan_stained_glass_pane,,0,false,false,false,false,false,false,false,0,false,true
minecraft:cyan_terracotta,,15,true,false,false,false,false,false,false,0,true,true
minecraft:cyan_wool,,15,false,false,false,false,false,false,false,0,false,true
minecraft:damaged_anvil,facing,15,false,false,false,false,false,false,false,0,false,true
minecraft:dandelion,,0,false,true,true,false,false,false,true,0,true,true
minecraft:dark_oak_door,"facing,half,open",0,false,false,false,false,false,false,false,0,false,true
minecraft:dark_oak_fence,,0,false,false,false,false,false,false,false,0,false,true
minecraft:dark_oak_fence_gate,"facing,open,powered",0,false,false,false,false,false,false,false,0,false,true
minecraft:dark_oak_leaves,persistent,1,false,false,true,false,false,true,false,0,true,true
minecraft:dark_oak_log,axis,15,false,false,false,false,false,true,false,0,true,true
minecraft:dark_oak_planks,,15,false,false,false,false,false,false,false,0,false,true
minecraft:dark_oak_sapling,stage,0,false,true,true,false,false,true,false,0,false,true
minecraft:dark_oak_slab,type,15,false,false,false,false,false,false,false,0,false,true
minecraft:dark_oak_stairs,"facing,half",15,false,false,false,false,false,false,false,0,false,true
minecraft:dark_oak_wood,,15,false,false,false,false,false,true,false,0,true,true
minecraft:dark_prismarine,,15,false,false,false,false,false,false,false,0,false,true
minecraft:daylight_detector,"inverted,power",0,false,false,false,false,true,false,false,0,false,true
minecraft:dead_bush,,0,false,true,true,false,false,false,true,0,true,true
minecraft:detector_rail,"powered,shape",0,false,false,false,false,false,false,false,0,false,true
minecraft:diamond_block,,15,false,false,false,false,false,false,false,0,false,true
minecraft:diamond_ore,,15,true,false,false,true,false,false,false,0,true,true
minecraft:diorite,,15,true,false,false,false,false,false,false,0,true,true
minecraft:dirt,,15,true,false,false,false,false,false,false,0,true,true
minecraft:dispenser,"facing,triggered",15,false,false,false,false,true,false,false,0,false,true
minecraft:dragon_egg,,0,false,false,false,false,false,false,false,1,false,true
minecraft:dropper,"facing,triggered",0,false,false,false,false,true,false,false,0,false,true
minecraft:emerald_block,,15,false,false,false,false,false,false,false,0,false,true
minecraft:emerald_ore,,15,false,false,false,true,false,false,false,0,true,true
minecraft:enchanting_table,,0,false,false,false,false,true,false,false,0,false,true
minecraft:end_gateway,,15,false,false,false,false,false,false,false,0,false,true
minecraft:end_portal,,0,false,false,false,false,true,false,false,15,false,true
minecraft:end_portal_frame,"eye,facing",15,false,false,false,false,false,false,false,1,false,true
minecraft:end_rod,facing,0,false,false,false,false,false,false,false,14,false,true
minecraft:end_stone,,15,true,false,false,false,false,false,false,0,true,true
minecraft:end_stone_bricks,,15,false,false,false,false,false,false,false,0,false,true
minecraft:ender_chest,facing,0,false,false,false,false,true,false,false,7,false,true
minecraft:farmland,moisture,15,true,false,false,false,false,false,false,0,false,true
minecraft:fern,,0,false,true,true,false,false,false,true,0,true,true
minecraft:fire,age,0,false,true,true,false,false,false,false,15,true,true
minecraft:flower_pot,,0,false,false,false,false,true,false,false,0,false,true
minecraft:frosted_ice,age,3,false,false,false,false,false,false,false,0,false,true
minecraft:furnace,"facing,lit",15,false,false,false,false,true,false,false,0,false,true
minecraft:glass,,0,false,false,false,false,false,false,false,0,false,true
minecraft:glass_pane,,0,false,false,false,false,false,false,false,0,false,true
minecraft:glowstone,,15,false,false,false,false,false,false,false,15,true,true
minecraft:gold_block,,15,false,false,false,false,false,false,false,0,false,true
minecraft:gold_ore,,15,true,false,false,true,false,false,false,0,true,true
minecraft:granite,,15,true,false,false,false,false,false,false,0,true,true
minecraft:grass,,0,false,true,true,false,false,false,true,0,true,true
minecraft:grass_block,,15,true,false,false,false,false,false,false,0,true,true
minecraft:grass_path,,15,true,false,false,false,false,false,false,0,false,true
minecraft:gravel,,15,true,false,false,false,false,false,false,0,true,true
minecraft:gray_carpet,,0,false,false,false,false,false,false,false,0,false,true
minecraft:gray_concrete,,15,false,false,false,false,false,false,false,0,false,true
minecraft:gray_concrete_powder,,15,false,false,false,false,false,false,false,0,false,true
minecraft:gray_glazed_terracotta,facing,15,false,false,false,false,false,false,false,0,false,true
minecraft:gray_shulker_box,facing,0,false,false,false,false,true,false,false,0,false,true
minecraft:gray_stained_glass,,15,false,false,false,false,false,false,false,0,false,true
minecraft:gray_stained_glass_pane,,0,false,false,false,false,false,false,false,0,false,true
minecraft:gray_terracotta,,15,true,false,false,false,false,false,false,0,true,true
minecraft:gray_wool,,15,false,false,false,false,false,false,false,0,false,true
minecraft:green_carpet,,0,false,false,false,false,false,false,false,0,false,true
minecraft:green_concrete,,15,false,false,false,false,false,false,false,0,false,true
minecraft:green_concrete_powder,,15,false,false,false,false,false,false,false,0,false,true
minecraft:green_glazed_terracotta,facing,15,false,false,false,false,false,false,false,0,false,true
minecraft:green_shulker_box,facing,0,false,false,false,false,true,false,false,0,false,true
minecraft:green_stained_glass,,15,false,false,false,false,false,false,false,0,false,true
minecraft:green_stained_glass_pane,,0,false,false,false,false,false,false,false,0,false,true
minecraft:green_terracotta,,15,true,false,false,false,false,false,false,0,true,true
minecraft:green_wool,,15,false,false,false,false,false,false,false,0,false,true
minecraft:hay_block,axis,15,false,false,false,false,false,false,false,0,false,true
minecraft:heavy_weighted_pressure_plate,power,0,false,false,false,false,false,false,false,0,false,true
minecraft:hopper,"enabled,facing",0,false,false,false,false,true,false,false,0,false,true
minecraft:ice,,3,false,false,false,false,false,false,false,0,true,true
minecraft:infested_chiseled_stone_bricks,,15,false,false,false,false,false,false,false,0,true,true
minecraft:infested_cobblestone,,15,false,false,false,false,false,false,false,0,true,true
minecraft:infested_cracked_stone_bricks,,15,false,false,false,false,false,false,false,0,true,true
minecraft:infested_mossy_stone_bricks,,15,false,false,false,false,false,false,false,0,true,true
minecraft:infested_stone,,15,true,false,false,false,false,false,false,0,true,true
minecraft:infested_stone_bricks,,15,false,false,false,false,false,false,false,0,true,true
minecraft:iron_bars,,0,false,false,false,false,false,false,false,0,false,true
minecraft:iron_block,,15,false,false,false,false,false,false,false,0,false,true
minecraft:iron_door,"facing,half,open",0,false,false,false,false,false,false,false,0,false,true
minecraft:iron_ore,,15,true,false,false,true,false,false,false,0,true,true
minecraft:iron_trapdoor,"facing,half,open",0,false,false,false,false,false,false,false,0,false,true
minecraft:jack_o_lantern,facing,15,false,false,false,false,false,false,false,15,false,true
minecraft:jukebox,has_record,15,false,false,false,false,true,false,false,0,false,true
minecraft:jungle_door,"facing,half,open",0,false,false,false,false,false,false,false,0,false,true
minecraft:jungle_fence,,0,false,false,false,false,false,false,false,0,false,true
minecraft:jungle_fence_gate,"facing,open,powered",0,false,false,false,false,false,false,false,0,false,true
minecraft:jungle_leaves,persistent,1,false,false,true,false,false,true,false,0,true,true
minecraft:jungle_log,axis,15,false,false,false,false,false,true,false,0,true,true
minecraft:jungle_planks,,15,false,false,false,false,false,false,false,0,false,true
minecraft:jungle_sapling,stage,0,false,true,true,false,false,true,false,0,false,true
minecraft:jungle_slab,type,15,false,false,false,false,false,false,false,0,false,true
minecraft:jungle_stairs,"facing,half",15,false,false,false,false,false,false,false,0,false,true
minecraft:jungle_wood,,15,false,false,false,false,false,true,false,0,true,true
minecraft:ladder,facing,0,false,false,false,false,false,false,false,0,false,true
minecraft:lapis_block,,15,false,false,false,false,false,false,false,0,false,true
minecraft:lapis_ore,,15,true,false,false,true,false,false,false,0,true,true
minecraft:large_fern,half,0,false,true,true,false,false,false,true,0,true,true
minecraft:lava,level,0,false,false,true,false,false,false,false,15,true,true
minecraft:lever,"face,facing,powered",0,false,false,false,false,false,false,false,0,false,true
minecraft:light_blue_carpet,,0,false,false,false,false,false,false,false,0,false,true
minecraft:light_blue_concrete,,15,false,false,false,false,false,false,false,0,false,true
minecraft:light_blue_concrete_powder,,15,false,false,false,false,false,false,false,0,false,true
minecraft:light_blue_glazed_terracotta,facing,15,false,false,false,false,false,false,false,0,false,true
minecraft:light_blue_shulker_box,facing,0,false,false,false,false,true,false,false,0,false,true
minecraft:light_blue_stained_glass,,15,false,false,false,false,false,false,false,0,false,true
minecraft:light_blue_stained_glass_pane,,0,false,false,false,false,false,false,false,0,false,true
minecraft:light_blue_terracotta,,15,true,false,false,false,false,false,false,0,true,true
minecraft:light_blue_wool,,15,false,false,false,false,false,false,false,0,false,true
minecraft:light_gray_carpet,,0,false,false,false,false,false,false,false,0,false,true
minecraft:light_gray_concrete,,15,false,false,false,false,false,false,false,0,false,true
minecraft:light_gray_concrete_powder,,15,false,false,false,false,false,false,false,0,false,true
minecraft:light_gray_glazed_terracotta,facing,15,false,false,false,false,false,false,false,0,false,true
minecraft:light_gray_shulker_box,facing,0,false,false,false,false,true,false,false,0,false,true
minecraft:light_gray_stained_glass,,15,false,false,false,false,false,false,false,0,false,true
minecraft:light_gray_stained_glass_pane,,0,false,false,false,false,false,false,false,0,false,true
minecraft:light_gray_terracotta,,15,true,false,false,false,false,false,false,0,true,true
minecraft:light_gray_wool,,15,false,false,false,false,false,false,false,0,false,true
minecraft:light_weighted_pressure_plate,power,0,false,false,false,false,false,false,false,0,false,true
minecraft:lilac,half,0,false,true,true,false,false,false,true,0,true,true
minecraft:lily_pad,,0,false,true,true,false,false,false,true,0,true,true
minecraft:lime_carpet,,0,false,false,false,false,false,false,false,0,false,true
minecraft:lime_concrete,,15,false,false,false,false,false,false,false,0,false,true
minecraft:lime_concrete_powder,,15,false,false,false,false,false,false,false,0,false,true
minecraft:lime_glazed_terracotta,facing,15,false,false,false,false,false,false,false,0,false,true
minecraft:lime_shulker_box,facing,0,false,false,false,false,true,false,false,0,false,true
minecraft:lime_stained_glass,,15,false,false,false,false,false,false,false,0,false,true
minecraft:lime_stained_glass_pane,,0,false,false,false,false,false,false,false,0,false,true
minecraft:lime_terracotta,,15,true,false,false,false,false,false,false,0,true,true
minecraft:lime_wool,,15,false,false,false,false,false,false,false,0,false,true
minecraft:magenta_carpet,,0,false,false,false,false,false,false,false,0,false,true
minecraft:magenta_concrete,,15,false,false,false,false,false,false,false,0,false,true
minecraft:magenta_concrete_powder,,15,false,false,false,false,false,false,false,0,false,true
minecraft:magenta_glazed_terracotta,facing,15,false,false,false,false,false,false,false,0,false,true
minecraft:magenta_shulker_box,facing,0,false,false,false,false,true,false,false,0,false,true
minecraft:magenta_stained_glass,,15,false,false,false,false,false,false,false,0,false,true
minecraft:magenta_stained_glass_pane,,0,false,false,false,false,false,false,false,0,false,true
minecraft:magenta_terracotta,,15,true,false,false,false,false,false,false,0,true,true
minecraft:magenta_wool,,15,false,false,false,false,false,false,false,0,false,true
minecraft:magma_block,,15,true,false,false,false,false,false,false,3,true,true
minecraft:melon,,15,false,true,true,false,false,false,true,0,false,true
minecraft:melon_stem,age,0,false,true,true,false,false,false,true,0,false,true
minecraft:mossy_cobblestone,,15,false,false,false,false,false,false,false,0,false,true
minecraft:mossy_cobblestone_wall,,0,false,false,false,false,false,false,false,0,false,true
minecraft:mossy_stone_bricks,,15,false,false,false,false,false,false,false,0,false,true
minecraft:mushroom_stem,"down,up",15,false,false,false,false,false,true,false,0,true,true
minecraft:mycelium,,15,true,false,false,false,false,false,false,0,true,true
minecraft:nether_brick_fence,,0,false,false,false,false,false,false,false,0,false,true
minecraft:nether_brick_slab,type,15,false,false,false,false,false,false,false,0,false,true
minecraft:nether_brick_stairs,"facing,half",15,false,false,false,false,false,false,false,0,false,true
minecraft:nether_bricks,,15,false,false,false,false,false,false,false,0,false,true
minecraft:nether_portal,axis,0,false,false,false,false,false,false,false,11,false,true
minecraft:nether_quartz_ore,,15,true,false,false,true,false,false,false,0,true,true
minecraft:nether_wart,age,0,false,true,true,false,false,false,true,0,true,true
minecraft:nether_wart_block,,15,false,false,false,false,false,false,false,0,false,true
minecraft:netherrack,,15,true,false,false,false,false,false,false,0,true,true
minecraft:note_block,,15,false,false,false,false,true,false,false,0,false,true
minecraft:oak_button,"face,facing,powered",0,false,false,false,false,false,false,false,0,false,true
minecraft:oak_door,"facing,half,open",0,false,false,false,false,false,false,false,0,false,true
minecraft:oak_fence,,0,false,false,false,false,false,false,false,0,false,true
minecraft:oak_fence_gate,"facing,open,powered",0,false,false,false,false,false,false,false,0,false,true
minecraft:oak_leaves,persistent,1,false,false,true,false,false,true,false,0,true,true
minecraft:oak_log,axis,15,false,false,false,false,false,true,false,0,true,true
minecraft:oak_planks,,15,false,false,false,false,false,false,false,0,false,true
minecraft:oak_pressure_plate,powered,0,false,false,false,false,false,false,false,0,false,true
minecraft:oak_sapling,stage,0,false,true,true,false,false,true,false,0,false,true
minecraft:oak_slab,type,15,false,false,false,false,false,false,false,0,false,true
minecraft:oak_stairs,"facing,half",15,false,false,false,false,false,false,false,0,false,true
minecraft:oak_trapdoor,"facing,half,open",0,false,false,false,false,false,false,false,0,false,true
minecraft:oak_wood,,15,false,false,false,false,false,true,false,0,true,true
minecraft:observer,"facing,powered",0,false,false,false,false,false,false,false,0,false,true
minecraft:obsidian,,15,true,false,false,false,false,false,false,0,true,true
minecraft:orange_carpet,,0,false,false,false,false,false,false,false,0,false,true
minecraft:orange_concrete,,15,false,false,false,false,false,false,false,0,false,true
minecraft:orange_concrete_powder,,15,false,false,false,false,false,false,false,0,false,true
minecraft:orange_glazed_terracotta,facing,15,false,false,false,false,false,false,false,0,false,true
minecraft:orange_shulker_box,facing,0,false,false,false,false,true,false,false,0,false,true
minecraft:orange_stained_glass,,15,false,false,false,false,false,false,false,0,false,true
minecraft:orange_stained_glass_pane,,0,false,false,false,false,false,false,false,0,false,true
minecraft:orange_terracotta,,15,true,false,false,false,false,false,false,0,true,true
minecraft:orange_tulip,,0,false,true,true,false,false,false,true,0,true,true
minecraft:orange_wool,,15,false,false,false,false,false,false,false,0,false,true
minecraft:oxeye_daisy,,0,false,true,true,false,false,false,true,0,true,true
minecraft:packed_ice,,15,false,false,false,false,false,false,false,0,true,true
minecraft:peony,half,0,false,true,true,false,false,false,true,0,true,true
minecraft:petrified_oak_slab,type,15,false,false,false,false,false,false,false,0,false,true
minecraft:pink_carpet,,0,false,false,false,false,false,false,false,0,false,true
minecraft:pink_concrete,,15,false,false,false,false,false,false,false,0,false,true
minecraft:pink_concrete_powder,,15,false,false,false,false,false,false,false,0,false,true
minecraft:pink_glazed_terracotta,facing,15,false,false,false,false,false,false,false,0,false,true
minecraft:pink_shulker_box,facing,0,false,false,false,false,true,false,false,0,false,true
minecraft:pink_stained_glass,,15,false,false,false,false,false,false,false,0,false,true
minecraft:pink_stained_glass_pane,,0,false,false,false,false,false,false,false,0,false,true
minecraft:pink_terracotta,,15,true,false,false,false,false,false,false,0,true,true
minecraft:pink_tulip,,0,false,true,true,false,false,false,true,0,true,true
minecraft:pink_wool,,15,false,false,false,false,false,false,false,0,false,true
minecraft:piston,"extended,facing",0,false,false,false,false,false,false,false,0,false,true
minecraft:piston_head,"facing,type",0,false,false,false,false,true,false,false,0,false,true
minecraft:podzol,,15,true,false,false,false,false,false,false,0,true,true
minecraft:polished_andesite,,15,false,false,false,false,false,false,false,0,true,true
minecraft:polished_diorite,,15,false,false,false,false,false,false,false,0,true,true
minecraft:polished_granite,,15,false,false,false,false,false,false,false,0,true,true
minecraft:poppy,,0,false,true,true,false,false,false,true,0,true,true
minecraft:potatoes,age,0,false,true,true,false,false,false,true,0,false,true
minecraft:potted_acacia_sapling,,0,false,false,false,false,true,false,false,0,false,true
minecraft:potted_birch_sapling,,0,false,false,false,false,true,false,false,0,false,true
minecraft:potted_brown_mushroom,,0,false,false,false,false,true,false,false,0,false,true
minecraft:potted_cactus,,0,false,false,false,false,true,false,false,0,false,true
minecraft:potted_dandelion,,0,false,false,false,false,true,false,false,0,false,true
minecraft:potted_dark_oak_sapling,,0,false,false,false,false,true,false,false,0,false,true
minecraft:potted_dead_bush,,0,false,false,false,false,true,false,false,0,false,true
minecraft:potted_fern,,0,false,false,false,false,true,false,false,0,false,true
minecraft:potted_jungle_sapling,,0,false,false,false,false,true,false,false,0,false,true
minecraft:potted_oak_sapling,,0,false,false,false,false,true,false,false,0,false,true
minecraft:potted_poppy,,0,false,false,false,false,true,false,false,0,false,true
minecraft:potted_red_mushroom,,0,false,false,false,false,true,false,false,0,false,true
minecraft:potted_spruce_sapling,,0,false,false,false,false,true,false,false,0,false,true
minecraft:powered_rail,"powered,shape",0,false,false,false,false,false,false,false,0,false,true
minecraft:prismarine,,15,false,false,false,false,false,false,false,0,false,true
minecraft:prismarine_bricks,,15,false,false,false,false,false,false,false,0,false,true
minecraft:pumpkin_stem,age,0,false,true,true,false,false,false,true,0,false,true
minecraft:purple_carpet,,0,false,false,false,false,false,false,false,0,false,true
minecraft:purple_concrete,,15,false,false,false,false,false,false,false,0,false,true
minecraft:purple_concrete_powder,,15,false,false,false,false,false,false,false,0,false,true
minecraft:purple_glazed_terracotta,facing,15,false,false,false,false,false,false,false,0,false,true
minecraft:purple_stained_glass,,15,false,false,false,false,false,false,false,0,false,true
minecraft:purple_stained_glass_pane,,0,false,false,false,false,false,false,false,0,false,true
minecraft:purple_terracotta,,15,true,false,false,false,false,false,false,0,true,true
minecraft:purple_wool,,15,false,false,false,false,false,false,false,0,false,true
minecraft:purpur_block,,15,false,false,false,false,false,false,false,0,false,true
minecraft:purpur_pillar,axis,15,false,false,false,false,false,false,false,0,false,true
minecraft:purpur_slab,type,15,false,false,false,false,false,false,false,0,false,true
minecraft:purpur_stairs,"facing,half",15,false,false,false,false,false,false,false,0,false,true
minecraft:quartz_block,,15,false,false,false,false,false,false,false,0,false,true
minecraft:quartz_pillar,axis,15,false,false,false,false,false,false,false,0,false,true
minecraft:quartz_slab,type,15,false,false,false,false,false,false,false,0,false,true
minecraft:quartz_stairs,"facing,half",15,false,false,false,false,false,false,false,0,false,true
minecraft:rail,shape,0,false,false,false,false,false,false,false,0,false,true
minecraft:red_bed,"facing,occupied,part",0,false,false,false,false,false,false,false,0,false,true
minecraft:white_bed,"facing,occupied,part",0,false,false,false,false,false,false,false,0,false,true
minecraft:orange_bed,"facing,occupied,part",0,false,false,false,false,false,false,false,0,false,true
minecraft:magenta_bed,"facing,occupied,part",0,false,false,false,false,false,false,false,0,false,true
minecraft:light_blue_bed,"facing,occupied,part",0,false,false,false,false,false,false,false,0,false,true
minecraft:yellow_bed,"facing,occupied,part",0,false,false,false,false,false,false,false,0,false,true
minecraft:lime_bed,"facing,occupied,part",0,false,false,false,false,false,false,false,0,false,true
minecraft:pink_bed,"facing,occupied,part",0,false,false,false,false,false,false,false,0,false,true
minecraft:gray_bed,"facing,occupied,part",0,false,false,false,false,false,false,false,0,false,true
minecraft:light_gray_bed,"facing,occupied,part",0,false,false,false,false,false,false,false,0,false,true
minecraft:cyan_bed,"facing,occupied,part",0,false,false,false,false,false,false,false,0,false,true
minecraft:purple_bed,"facing,occupied,part",0,false,false,false,false,false,false,false,0,false,true
minecraft:blue_bed,"facing,occupied,part",0,false,false,false,false,false,false,false,0,false,true
minecraft:brown_bed,"facing,occupied,part",0,false,false,false,false,false,false,false,0,false,true
minecraft:green_bed,"facing,occupied,part",0,false,false,false,false,false,false,false,0,false,true
minecraft:black_bed,"facing,occupied,part",0,false,false,false,false,false,false,false,0,false,true
minecraft:red_carpet,,0,false,false,false,false,false,false,false,0,false,true
minecraft:red_concrete,,15,false,false,false,false,false,false,false,0,false,true
minecraft:red_concrete_powder,,15,false,false,false,false,false,false,false,0,false,true
minecraft:red_glazed_terracotta,facing,15,false,false,false,false,false,false,false,0,false,true
minecraft:red_mushroom,,0,false,true,true,false,false,false,true,0,true,true
minecraft:red_mushroom_block,"down,east,north,south,up,west",15,false,false,false,false,false,true,false,0,true,true
minecraft:red_nether_bricks,,15,false,false,false,false,false,false,false,0,false,true
minecraft:red_sand,,15,true,false,false,false,false,false,false,0,true,true
minecraft:red_sandstone,,15,true,false,false,false,false,false,false,0,true,true
minecraft:red_sandstone_slab,type,15,false,false,false,false,false,false,false,0,false,true
minecraft:red_sandstone_stairs,"facing,half",15,false,false,false,false,false,false,false,0,false,true
minecraft:red_shulker_box,facing,0,false,false,false,false,true,false,false,0,false,true
minecraft:red_stained_glass,,15,false,false,false,false,false,false,false,0,false,true
minecraft:red_stained_glass_pane,,0,false,false,false,false,false,false,false,0,false,true
minecraft:red_terracotta,,15,true,false,false,false,false,false,false,0,true,true
minecraft:red_tulip,,0,false,true,true,false,false,false,true,0,true,true
minecraft:red_wool,,15,false,false,false,false,false,false,false,0,false,true
minecraft:redstone_block,,15,false,false,false,false,false,false,false,0,false,true
minecraft:redstone_lamp,lit,15,false,false,false,false,false,false,false,0,false,true
minecraft:redstone_ore,lit,15,true,false,false,true,false,false,false,0,true,true
minecraft:redstone_torch,lit,0,false,false,false,false,false,false,false,0,false,true
minecraft:redstone_wall_torch,"facing,lit",0,false,false,false,false,false,false,false,0,false,true
minecraft:redstone_wire,power,0,false,false,false,false,false,false,false,0,false,true
minecraft:repeater,"delay,facing,powered",0,false,false,false,false,false,false,false,0,false,true
minecraft:repeating_command_block,"conditional,facing",15,false,false,false,false,true,false,false,0,false,true
minecraft:rose_bush,half,0,false,true,true,false,false,false,true,0,true,true
minecraft:sand,,15,true,false,false,false,false,false,false,0,true,true
minecraft:sandstone,,15,true,false,false,false,false,false,false,0,true,true
minecraft:sandstone_slab,type,15,false,false,false,false,false,false,false,0,false,true
minecraft:sandstone_stairs,"facing,half",15,false,false,false,false,false,false,false,0,false,true
minecraft:sea_lantern,,15,false,false,false,false,false,false,false,15,false,true
minecraft:shulker_box,facing,0,false,false,false,false,true,false,false,0,false,true
minecraft:sign,rotation,0,false,false,false,false,true,false,false,0,false,true
minecraft:slime_block,,0,false,false,false,false,false,false,false,0,false,true
minecraft:smooth_quartz,,15,false,false,false,false,false,false,false,0,false,true
minecraft:smooth_red_sandstone,,15,false,false,false,false,false,false,false,0,false,true
minecraft:smooth_sandstone,,15,false,false,false,false,false,false,false,0,false,true
minecraft:smooth_stone,,15,false,false,false,false,false,false,false,0,false,true
minecraft:snow,layers,0,false,true,true,false,false,false,false,0,true,true
minecraft:snow_block,,15,true,true,true,false,false,false,false,0,true,true
minecraft:soul_sand,,15,true,false,false,false,false,false,false,0,true,true
minecraft:spawner,,15,false,false,false,false,true,false,false,0,false,true
minecraft:sponge,,15,false,false,false,false,false,false,false,0,false,true
minecraft:spruce_door,"facing,half,open",0,false,false,false,false,false,false,false,0,false,true
minecraft:spruce_fence,,0,false,false,false,false,false,false,false,0,false,true
minecraft:spruce_fence_gate,"facing,open,powered",0,false,false,false,false,false,false,false,0,false,true
minecraft:spruce_leaves,persistent,1,false,false,true,false,false,true,false,0,true,true
minecraft:spruce_log,axis,15,false,false,false,false,false,true,false,0,true,true
minecraft:spruce_planks,,15,false,false,false,false,false,false,false,0,false,true
minecraft:spruce_sapling,stage,0,false,true,true,false,false,true,false,0,false,true
minecraft:spruce_slab,type,15,false,false,false,false,false,false,false,0,false,true
minecraft:spruce_stairs,"facing,half",15,false,false,false,false,false,false,false,0,false,true
minecraft:spruce_wood,,15,false,false,false,false,false,true,false,0,true,true
minecraft:sticky_piston,"extended,facing",15,false,false,false,false,false,false,false,0,false,true
minecraft:stone,,15,true,false,false,false,false,false,false,0,true,true
minecraft:stone_brick_slab,type,15,false,false,false,false,false,false,false,0,false,true
minecraft:stone_brick_stairs,"facing,half",15,false,false,false,false,false,false,false,0,false,true
minecraft:stone_bricks,,15,false,false,false,false,false,false,false,0,false,true
minecraft:stone_button,"face,facing,powered",0,false,false,false,false,false,false,false,0,false,true
minecraft:stone_pressure_plate,powered,0,false,false,false,false,false,false,false,0,false,true
minecraft:stone_slab,type,15,false,false,false,false,false,false,false,0,false,true
minecraft:structure_block,mode,15,false,false,false,false,true,false,false,0,false,true
minecraft:structure_void,,0,false,true,true,false,false,false,false,0,false,true
minecraft:sugar_cane,age,0,false,true,true,false,false,false,true,0,true,true
minecraft:sunflower,half,0,false,true,true,false,false,false,true,0,true,true
minecraft:tall_grass,half,0,false,true,true,false,false,false,true,0,true,true
minecraft:terracotta,,15,true,false,false,false,false,false,false,0,true,true
minecraft:tnt,,15,false,false,false,false,false,false,false,0,false,true
minecraft:torch,,0,false,false,false,false,false,false,false,14,false,true
minecraft:trapped_chest,facing,0,false,false,false,false,true,false,false,0,false,true
minecraft:tripwire,"attached,disarmed,powered",0,false,false,false,false,false,false,false,0,false,true
minecraft:tripwire_hook,"attached,facing,powered",0,false,false,false,false,false,false,false,0,false,true
minecraft:vine,"east,north,south,west",0,false,true,true,false,false,true,false,0,true,true
minecraft:wall_sign,facing,0,false,false,false,false,true,false,false,0,false,true
minecraft:wall_torch,facing,0,false,false,false,false,false,false,false,14,false,true
minecraft:water,level,3,false,false,true,false,false,false,false,0,true,true
minecraft:wet_sponge,,15,false,false,false,false,false,false,false,0,false,true
minecraft:wheat,age,0,false,true,true,false,false,false,true,0,false,true
minecraft:red_banner,rotation,0,false,false,false,false,true,false,false,0,false,true
minecraft:white_banner,rotation,0,false,false,false,false,true,false,false,0,false,true
minecraft:orange_banner,rotation,0,false,false,false,false,true,false,false,0,false,true
minecraft:magenta_banner,rotation,0,false,false,false,false,true,false,false,0,false,true
minecraft:light_blue_banner,rotation,0,false,false,false,false,true,false,false,0,false,true
minecraft:yellow_banner,rotation,0,false,false,false,false,true,false,false,0,false,true
minecraft:lime_banner,rotation,0,false,false,false,false,true,false,false,0,false,true
minecraft:pink_banner,rotation,0,false,false,false,false,true,false,false,0,false,true
minecraft:gray_banner,rotation,0,false,false,false,false,true,false,false,0,false,true
minecraft:light_gray_banner,rotation,0,false,false,false,false,true,false,false,0,false,true
minecraft:cyan_banner,rotation,0,false,false,false,false,true,false,false,0,false,true
minecraft:purple_banner,rotation,0,false,false,false,false,true,false,false,0,false,true
minecraft:blue_banner,rotation,0,false,false,false,false,true,false,false,0,false,true
minecraft:brown_banner,rotation,0,false,false,false,false,true,false,false,0,false,true
minecraft:green_banner,rotation,0,false,false,false,false,true,false,false,0,false,true
minecraft:black_banner,rotation,0,false,false,false,false,true,false,false,0,false,true
minecraft:white_carpet,,0,false,false,false,false,false,false,false,0,false,true
minecraft:white_concrete,,15,false,false,false,false,false,false,false,0,false,true
minecraft:white_concrete_powder,,15,false,false,false,false,false,false,false,0,false,true
minecraft:white_glazed_terracotta,facing,15,false,false,false,false,false,false,false,0,false,true
minecraft:white_shulker_box,facing,0,false,false,false,false,true,false,false,0,false,true
minecraft:white_stained_glass,,15,false,false,false,false,false,false,false,0,false,true
minecraft:white_stained_glass_pane,,0,false,false,false,false,false,false,false,0,false,true
minecraft:white_terracotta,,15,true,false,false,false,false,false,false,0,true,true
minecraft:white_tulip,,0,false,true,true,false,false,false,true,0,true,true
minecraft:white_wall_banner,facing,0,false,false,false,false,true,false,false,0,false,true
minecraft:white_wool,,15,false,false,false,false,false,false,false,0,false,true
minecraft:yellow_carpet,,0,false,false,false,false,false,false,false,0,false,true
minecraft:yellow_concrete,,15,false,false,false,false,false,false,false,0,false,true
minecraft:yellow_concrete_powder,,15,false,false,false,false,false,false,false,0,false,true
minecraft:yellow_glazed_terracotta,facing,15,false,false,false,false,false,false,false,0,false,true
minecraft:yellow_shulker_box,facing,0,false,false,false,false,true,false,false,0,false,true
minecraft:yellow_stained_glass,,15,false,false,false,false,false,false,false,0,false,true
minecraft:yellow_stained_glass_pane,,0,false,false,false,false,false,false,false,0,false,true
minecraft:yellow_terracotta,,15,true,false,false,false,false,false,false,0,true,true
minecraft:yellow_wool,,15,false,false,false,false,false,false,false,0,false,true
minecraft:tall_seagrass,half,0,false,true,true,false,false,false,true,0,true,false
minecraft:seagrass,,0,false,true,true,false,false,false,true,0,true,false
minecraft:cave_air,,0,false,true,true,false,false,false,false,0,true,true
minecraft:kelp_plant,,0,false,true,true,false,false,false,true,0,true,false
minecraft:kelp,age,0,false,true,true,false,false,false,true,0,true,false
minecraft:bubble_column,drag,0,false,true,true,false,false,false,false,0,true,false
minecraft:pumpkin,,15,false,true,true,false,false,false,true,0,true,true
minecraft:blue_ice,,15,false,false,false,false,false,false,false,0,true,true
minecraft:tube_coral,,0,false,true,true,false,false,false,true,0,true,false
minecraft:brain_coral,,0,false,true,true,false,false,false,true,0,true,false
minecraft:bubble_coral,,0,false,true,true,false,false,false,true,0,true,false
minecraft:fire_coral,,0,false,true,true,false,false,false,true,0,true,false
minecraft:horn_coral,,0,false,true,true,false,false,false,true,0,true,false
minecraft:dead_tube_coral,,0,false,true,true,false,false,false,true,0,true,false
minecraft:dead_brain_coral,,0,false,true,true,false,false,false,true,0,true,false
minecraft:dead_bubble_coral,,0,false,true,true,false,false,false,true,0,true,false
minecraft:dead_fire_coral,,0,false,true,true,false,false,false,true,0,true,false
minecraft:dead_horn_coral,,0,false,true,true,false,false,false,true,0,true,false
minecraft:tube_coral_block,,15,false,true,true,false,false,false,true,0,true,false
minecraft:brain_coral_block,,15,false,true,true,false,false,false,true,0,true,false
minecraft:bubble_coral_block,,15,false,true,true,false,false,false,true,0,true,false
minecraft:fire_coral_block,,15,false,true,true,false,false,false,true,0,true,false
minecraft:horn_coral_block,,15,false,true,true,false,false,false,true,0,true,false
minecraft:dead_tube_coral_block,,15,false,true,true,false,false,false,true,0,true,false
minecraft:dead_brain_coral_block,,15,false,true,true,false,false,false,true,0,true,false
minecraft:dead_bubble_coral_block,,15,false,true,true,false,false,false,true,0,true,false
minecraft:dead_fire_coral_block,,15,false,true,true,false,false,false,true,0,true,false
minecraft:dead_horn_coral_block,,15,false,true,true,false,false,false,true,0,true,false
minecraft:tube_coral_fan,,0,false,true,true,false,false,false,true,0,true,false
minecraft:brain_coral_fan,,0,false,true,true,false,false,false,true,0,true,false
minecraft:bubble_coral_fan,,0,false,true,true,false,false,false,true,0,true,false
minecraft:fire_coral_fan,,0,false,true,true,false,false,false,true,0,true,false
minecraft:horn_coral_fan,,0,false,true,true,false,false,false,true,0,true,false
minecraft:dead_tube_coral_fan,,0,false,true,true,false,false,false,true,0,true,false
minecraft:dead_brain_coral_fan,,0,false,true,true,false,false,false,true,0,true,false
minecraft:dead_bubble_coral_fan,,0,false,true,true,false,false,false,true,0,true,false
minecraft:dead_fire_coral_fan,,0,false,true,true,false,false,false,true,0,true,false
minecraft:dead_horn_coral_fan,,0,false,true,true,false,false,false,true,0,true,false
minecraft:tube_coral_wall_fan,,0,false,true,true,false,false,false,true,0,true,false
minecraft:brain_coral_wall_fan,,0,false,true,true,false,false,false,true,0,true,false
minecraft:bubble_coral_wall_fan,,0,false,true,true,false,false,false,true,0,true,false
minecraft:fire_coral_wall_fan,,0,false,true,true,false,false,false,true,0,true,false
minecraft:horn_coral_wall_fan,,0,false,true,true,false,false,false,true,0,true,false
minecraft:dead_tube_coral_wall_fan,,0,false,true,true,false,false,false,true,0,true,false
minecraft:dead_brain_coral_wall_fan,,0,false,true,true,false,false,false,true,0,true,false
minecraft:dead_bubble_coral_wall_fan,,0,false,true,true,false,false,false,true,0,true,false
minecraft:dead_fire_coral_wall_fan,,0,false,true,true,false,false,false,true,0,true,false
minecraft:dead_horn_coral_wall_fan,,0,false,true,true,false,false,false,true,0,true,false
minecraft:sea_pickle,"waterlogged=false,pickles",0,false,true,true,false,false,false,true,0,true,false
minecraft:sea_pickle,"waterlogged=true,pickles=1",0,false,true,true,false,false,false,true,6,true,false
minecraft:sea_pickle,"waterlogged=true,pickles=2",0,false,true,true,false,false,false,true,9,true,false
minecraft:sea_pickle,"waterlogged=true,pickles=3",0,false,true,true,false,false,false,true,12,true,false
minecraft:sea_pickle,"waterlogged=true,pickles=4",0,false,true,true,false,false,false,true,15,true,false
minecraft:skeleton_skull,"rotation",0,false,false,false,false,true,false,false,0,false,true
minecraft:wither_skeleton_skull,"rotation",0,false,false,false,false,true,false,false,0,false,true
minecraft:zombie_head,"rotation",0,false,false,false,false,true,false,false,0,false,true
minecraft:player_head,"rotation",0,false,false,false,false,true,false,false,0,false,true
minecraft:creeper_head,"rotation",0,false,false,false,false,true,false,false,0,false,true
minecraft:dragon_head,"rotation",0,false,false,false,false,true,false,false,0,false,true
minecraft:skeleton_wall_skull,"facing",0,false,false,false,false,true,false,false,0,false,true
minecraft:wither_skeleton_wall_skull,"facing",0,false,false,false,false,true,false,false,0,false,true
minecraft:zombie_wall_head,"facing",0,false,false,false,false,true,false,false,0,false,true
minecraft:player_wall_head,"facing",0,false,false,false,false,true,false,false,0,false,true
minecraft:creeper_wall_head,"facing",0,false,false,false,false,true,false,false,0,false,true
minecraft:dragon_wall_head,"facing",0,false,false,false,false,true,false,false,0,false,true
